u,v,p,s,d,points0,points1,points2
0,0,-0.30323,9.001e-05,0,0,0,0
0,0,0.86452,1,0.0002,0.2,0,0
0.00090336,-0.00052487,0.66767,1,0,0.2,0.2,0
0,-0.00049298,0.67445,1,0,0,0.2,0
0,0,0.84213,1,0.0002,0.4,0,0
0.0018801,-0.00063184,0.6457,1,0,0.4,0.2,0
0,0,0.80141,0.99998,0.0002,0.6,0,0
0.0032543,-0.00085663,0.60668,1,0,0.6,0.2,0
0,0,0.73626,1.0001,0.00020001,0.8,0,0
0.0049687,-0.0012874,0.54155,0.99999,0,0.8,0.2,0
0,0,0.61217,0.99976,0.00019995,1,0,0
0.008269,-0.0032255,0.44793,1,0,1,0.2,0
0,0,0.36645,0.00024522,4.9044e-08,1.2,0,0
0.0083425,0.0031437,0.33114,0.00048322,0,1.2,0.2,0
0,0,0.24002,-6.5666e-05,-1.3133e-08,1.4,0,0
0.0051894,0.0011989,0.23526,-0.0001294,0,1.4,0.2,0
0,0,0.16998,1.7585e-05,3.517e-09,1.6,0,0
0.0036497,0.0007484,0.16535,3.4654e-05,0,1.6,0.2,0
0,0,0.12125,-4.7091e-06,-9.4183e-10,1.8,0,0
0.0024899,0.00049336,0.1185,-9.28e-06,0,1.8,0.2,0
0,0,0.086878,1.2611e-06,2.5221e-10,2,0,0
0.0018017,0.00034005,0.08483,2.4851e-06,0,2,0.2,0
0,0,0.06246,-3.3771e-07,-6.7541e-11,2.2,0,0
0.0012738,0.00023994,0.061074,-6.655e-07,0,2.2,0.2,0
0,0,0.044935,9.0436e-08,1.8087e-11,2.4,0,0
0.00092199,0.00017099,0.043916,1.7822e-07,0,2.4,0.2,0
0,0,0.032361,-2.4218e-08,-4.8436e-12,2.6,0,0
0.00065962,0.00012253,0.031644,-4.7725e-08,0,2.6,0.2,0
0,0,0.023306,6.4855e-09,1.2971e-12,2.8,0,0
0.00047653,8.8057e-05,0.022785,1.2781e-08,0,2.8,0.2,0
0,0,0.016791,-1.7368e-09,-3.4735e-13,3,0,0
0.00034239,6.3351e-05,0.016419,-3.4226e-09,0,3,0.2,0
0,0,0.012097,4.6509e-10,9.3019e-14,3.2,0,0
0.00024702,4.5623e-05,0.011827,9.1654e-10,0,3.2,0.2,0
0,0,0.0087159,-1.2455e-10,-2.491e-14,3.4,0,0
0.00017778,3.2858e-05,0.0085224,-2.4544e-10,0,3.4,0.2,0
0,0,0.0062798,3.3354e-11,6.6707e-15,3.6,0,0
0.00012817,2.3675e-05,0.0061399,6.5728e-11,0,3.6,0.2,0
0,0,0.0045248,-8.9319e-12,-1.7864e-15,3.8,0,0
9.2306e-05,1.7056e-05,0.0044242,-1.7602e-11,0,3.8,0.2,0
0,0,0.0032602,2.3919e-12,4.7838e-16,4,0,0
6.6527e-05,1.2291e-05,0.0031876,4.7136e-12,0,4,0.2,0
0,0,0.0023491,-6.4054e-13,-1.2811e-16,4.2,0,0
4.7924e-05,8.8558e-06,0.0022968,-1.2623e-12,0,4.2,0.2,0
0,0,0.0016926,1.7153e-13,3.4306e-17,4.4,0,0
3.4535e-05,6.3815e-06,0.0016549,3.3803e-13,0,4.4,0.2,0
0,0,0.0012196,-4.5935e-14,-9.187e-18,4.6,0,0
2.4881e-05,4.5982e-06,0.0011924,-9.0521e-14,0,4.6,0.2,0
0,0,0.00087877,1.2301e-14,2.4602e-18,4.8,0,0
1.7929e-05,3.3135e-06,0.0008592,2.4241e-14,0,4.8,0.2,0
0,0,0.0006332,-3.2942e-15,-6.5883e-19,5,0,0
1.2918e-05,2.3877e-06,0.00061909,-6.4916e-15,0,5,0.2,0
0,0,0.00045626,8.8216e-16,1.7643e-19,5.2,0,0
9.3078e-06,1.7206e-06,0.00044609,1.7384e-15,0,5.2,0.2,0
0,0,0.00032876,-2.3624e-16,-4.7247e-20,5.4,0,0
6.7064e-06,1.2398e-06,0.00032144,-4.6553e-16,0,5.4,0.2,0
0,0,0.0002369,6.3263e-17,1.2653e-20,5.6,0,0
4.8323e-06,8.9343e-07,0.00023162,1.2467e-16,0,5.6,0.2,0
0,0,0.00017071,-1.6941e-17,-3.3883e-21,5.8,0,0
3.4818e-06,6.4381e-07,0.0001669,-3.3385e-17,0,5.8,0.2,0
0,0,0.00012301,4.5368e-18,9.0736e-22,6,0,0
2.5088e-06,4.6394e-07,0.00012027,8.9403e-18,0,6,0.2,0
0,0,8.8649e-05,-1.2149e-18,-2.4298e-22,6.2,0,0
1.8077e-06,3.3432e-07,8.6671e-05,-2.3942e-18,0,6.2,0.2,0
0,0,6.3886e-05,3.2535e-19,6.507e-23,6.4,0,0
1.3025e-06,2.4092e-07,6.2461e-05,6.4114e-19,0,6.4,0.2,0
0,0,4.6044e-05,-8.7126e-20,-1.7425e-23,6.6,0,0
9.3856e-07,1.7362e-07,4.5016e-05,-1.7169e-19,0,6.6,0.2,0
0,0,3.3187e-05,2.3332e-20,4.6664e-24,6.8,0,0
6.7628e-07,1.2512e-07,3.2447e-05,4.5978e-20,0,6.8,0.2,0
0,0,2.3923e-05,-6.2481e-21,-1.2496e-24,7,0,0
4.873e-07,9.0163e-08,2.3389e-05,-1.2313e-20,0,7,0.2,0
0,0,1.7248e-05,1.6732e-21,3.3464e-25,7.2,0,0
3.5113e-07,6.4975e-08,1.6863e-05,3.2973e-21,0,7.2,0.2,0
0,0,1.2438e-05,-4.4808e-22,-8.9615e-26,7.4,0,0
2.53e-07,4.6825e-08,1.2161e-05,-8.8299e-22,0,7.4,0.2,0
0,0,8.9722e-06,1.1999e-22,2.3998e-26,7.6,0,0
1.823e-07,3.3746e-08,8.7723e-06,2.3646e-22,0,7.6,0.2,0
0,0,6.475e-06,-3.2133e-23,-6.4266e-27,7.8,0,0
1.3136e-07,2.4321e-08,6.3308e-06,-6.3322e-23,0,7.8,0.2,0
0,0,4.6755e-06,8.6051e-24,1.721e-27,8,0,0
9.4653e-08,1.7529e-08,4.5716e-06,1.6957e-23,0,8,0.2,0
0,0,3.3788e-06,-2.3044e-24,-4.6088e-28,8.2,0,0
6.8207e-08,1.2634e-08,3.3039e-06,-4.541e-24,0,8.2,0.2,0
0,0,2.4444e-06,6.171e-25,1.2342e-28,8.4,0,0
4.915e-08,9.1043e-09,2.3904e-06,1.2161e-24,0,8.4,0.2,0
0,0,1.7711e-06,-1.6526e-25,-3.3051e-29,8.6,0,0
3.5416e-08,6.5603e-09,1.7322e-06,-3.2565e-25,0,8.6,0.2,0
0,0,1.286e-06,4.4254e-26,8.8509e-30,8.8,0,0
2.5516e-08,4.727e-09,1.2579e-06,8.7208e-26,0,8.8,0.2,0
0,0,9.3644e-07,-1.1851e-26,-2.3702e-30,9,0,0
1.8381e-08,3.406e-09,9.1621e-07,-2.3354e-26,0,9,0.2,0
0,0,6.8466e-07,3.1736e-27,6.3473e-31,9.2,0,0
1.324e-08,2.4533e-09,6.701e-07,6.254e-27,0,9.2,0.2,0
0,0,5.0328e-07,-8.4988e-28,-1.6998e-31,9.4,0,0
9.5385e-09,1.7655e-09,4.9281e-07,-1.6748e-27,0,9.4,0.2,0
0,0,3.7256e-07,2.2759e-28,4.5518e-32,9.6,0,0
6.8757e-09,1.2688e-09,3.6506e-07,4.4849e-28,0,9.6,0.2,0
0,0,2.7831e-07,-6.0948e-29,-1.219e-32,9.8,0,0
4.9598e-09,9.1133e-10,2.7294e-07,-1.201e-28,0,9.8,0.2,0
0,0,2.1032e-07,1.6321e-29,3.2643e-33,10,0,0
3.5792e-09,6.5521e-10,2.0647e-07,3.2163e-29,0,10,0.2,0
0,0,1.6128e-07,-4.3708e-30,-8.7416e-34,10.2,0,0
2.5825e-09,4.7192e-10,1.585e-07,-8.613e-30,0,10.2,0.2,0
0,0,1.2589e-07,1.1705e-30,2.3409e-34,10.4,0,0
1.8629e-09,3.3958e-10,1.2389e-07,2.3065e-30,0,10.4,0.2,0
0,0,1.0033e-07,-3.1344e-31,-6.2689e-35,10.6,0,0
1.346e-09,2.4243e-10,9.892e-08,-6.1767e-31,0,10.6,0.2,0
0,0,8.1792e-08,8.3938e-32,1.6788e-35,10.8,0,0
9.7847e-10,1.7043e-10,8.0841e-08,1.6541e-31,0,10.8,0.2,0
0,0,6.824e-08,-2.2478e-32,-4.4956e-36,11,0,0
7.2041e-10,1.1788e-10,6.7628e-08,-4.4295e-32,0,11,0.2,0
0,0,5.8194e-08,6.0195e-33,1.2039e-36,11.2,0,0
5.4087e-10,8.1232e-11,5.7809e-08,1.1862e-32,0,11.2,0.2,0
0,0,5.06e-08,-1.612e-33,-3.224e-37,11.4,0,0
4.1595e-10,5.7234e-11,5.0344e-08,-3.1766e-33,0,11.4,0.2,0
0,0,4.472e-08,4.3168e-34,8.6336e-38,11.6,0,0
3.2803e-10,4.2129e-11,4.4526e-08,8.5066e-34,0,11.6,0.2,0
0,0,4.0043e-08,-1.156e-34,-2.312e-38,11.8,0,0
2.6489e-10,3.2122e-11,3.988e-08,-2.278e-34,0,11.8,0.2,0
0,0,3.6227e-08,3.0957e-35,6.1915e-39,12,0,0
2.1845e-10,2.4338e-11,3.6089e-08,6.1004e-35,0,12,0.2,0
0,0,3.3043e-08,-8.2902e-36,-1.658e-39,12.2,0,0
1.8342e-10,1.7435e-11,3.2937e-08,-1.6336e-35,0,12.2,0.2,0
0,0,3.0342e-08,2.2201e-36,4.4401e-40,12.4,0,0
1.5633e-10,1.1437e-11,3.0272e-08,4.3748e-36,0,12.4,0.2,0
0,0,2.8026e-08,-5.9452e-37,-1.189e-40,12.6,0,0
1.3502e-10,6.9642e-12,2.7986e-08,-1.1715e-36,0,12.6,0.2,0
0,0,2.602e-08,1.5921e-37,3.1842e-41,12.8,0,0
1.1837e-10,4.4367e-12,2.5996e-08,3.1373e-37,0,12.8,0.2,0
0,0,2.4254e-08,-4.2635e-38,-8.527e-42,13,0,0
1.0587e-10,3.7074e-12,2.4232e-08,-8.4015e-38,0,13,0.2,0
0,0,2.2664e-08,1.1417e-38,2.2835e-42,13.2,0,0
9.7003e-11,4.198e-12,2.2634e-08,2.2499e-38,0,13.2,0.2,0
0,0,2.1197e-08,-3.0575e-39,-6.115e-43,13.4,0,0
9.0787e-11,5.2608e-12,2.1152e-08,-6.025e-39,0,13.4,0.2,0
0,0,1.982e-08,8.1878e-40,1.6376e-43,13.6,0,0
8.5665e-11,6.4426e-12,1.9756e-08,1.6135e-39,0,13.6,0.2,0
0,0,1.8527e-08,-2.1926e-40,-4.3853e-44,13.8,0,0
7.993e-11,7.5153e-12,1.8443e-08,-4.3207e-40,0,13.8,0.2,0
0,0,1.7337e-08,5.8718e-41,1.1744e-44,14,0,0
7.2371e-11,8.3598e-12,1.7234e-08,1.1571e-40,0,14,0.2,0
0,0,1.6278e-08,-1.5724e-41,-3.1448e-45,14.2,0,0
6.2744e-11,8.8673e-12,1.6163e-08,-3.0985e-41,0,14.2,0.2,0
0,0,1.5376e-08,4.2109e-42,8.4217e-46,14.4,0,0
5.1777e-11,8.9473e-12,1.5258e-08,8.2977e-42,0,14.4,0.2,0
0,0,1.4643e-08,-1.1276e-42,-2.2553e-46,14.6,0,0
4.0728e-11,8.6013e-12,1.453e-08,-2.2221e-42,0,14.6,0.2,0
0,0,1.4072e-08,3.0198e-43,6.0395e-47,14.8,0,0
3.0779e-11,7.9615e-12,1.397e-08,5.9506e-43,0,14.8,0.2,0
0,0,1.3643e-08,-8.0867e-44,-1.6173e-47,15,0,0
2.2581e-11,7.2369e-12,1.3554e-08,-1.5935e-43,0,15,0.2,0
0,0,1.3331e-08,2.1656e-44,4.3311e-48,15.2,0,0
1.615e-11,6.5949e-12,1.3253e-08,4.2673e-44,0,15.2,0.2,0
0,0,1.3111e-08,-5.7993e-45,-1.1599e-48,15.4,0,0
1.1066e-11,6.0681e-12,1.3041e-08,-1.1428e-44,0,15.4,0.2,0
0,0,1.2966e-08,1.553e-45,3.106e-49,15.6,0,0
6.8176e-12,5.5538e-12,1.2902e-08,3.0603e-45,0,15.6,0.2,0
0,0,1.2883e-08,-4.1589e-46,-8.3177e-50,15.8,0,0
3.0754e-12,4.9104e-12,1.2826e-08,-8.1952e-46,0,15.8,0.2,0
0,0,1.2854e-08,1.1137e-46,2.2274e-50,16,0,0
-2.002e-13,4.0834e-12,1.2806e-08,2.1946e-46,0,16,0.2,0
0,0,1.287e-08,-2.9825e-47,-5.9649e-51,16.2,0,0
-2.8229e-12,3.1802e-12,1.2833e-08,-5.877e-47,0,16.2,0.2,0
0,0,1.2921e-08,7.9868e-48,1.5974e-51,16.4,0,0
-4.5516e-12,2.453e-12,1.2895e-08,1.5738e-47,0,16.4,0.2,0
0,0,1.2994e-08,-2.1388e-48,-4.2777e-52,16.6,0,0
-5.2294e-12,2.1868e-12,1.2975e-08,-4.2146e-48,0,16.6,0.2,0
0,0,1.3075e-08,5.7276e-49,1.1455e-52,16.8,0,0
-4.8845e-12,2.5809e-12,1.3056e-08,1.1286e-48,0,16.8,0.2,0
0,0,1.3151e-08,-1.5338e-49,-3.0677e-53,17,0,0
-3.7803e-12,3.6794e-12,1.3124e-08,-3.0225e-49,0,17,0.2,0
0,0,1.3211e-08,4.1076e-50,8.2152e-54,17.2,0,0
-2.1987e-12,5.2998e-12,1.3168e-08,8.0941e-50,0,17.2,0.2,0
0,0,1.3248e-08,-1.1004e-50,-2.2007e-54,17.4,0,0
-4.9172e-13,7.3258e-12,1.3185e-08,-2.1683e-50,0,17.4,0.2,0
0,0,1.327e-08,2.9608e-51,5.9216e-55,17.6,0,0
6.7337e-13,9.9721e-12,1.3176e-08,5.8343e-51,0,17.6,0.2,0
0,0,1.3283e-08,-8.4539e-52,-1.6908e-55,17.8,0,0
7.7667e-13,1.2707e-11,1.3156e-08,-1.6659e-51,0,17.8,0.2,0
0,0,1.3289e-08,4.2248e-52,8.4496e-56,18,0,0
0,1.3911e-11,1.3145e-08,8.3251e-52,0,18,0.2,0
0.00052803,-0.0013001,0.48718,1,0,0.2,0.4,0
0,-0.0012301,0.49295,1,0,0,0.4,0
0.0011123,-0.0015548,0.46934,1,0,0.4,0.4,0
0.0017637,-0.002021,0.43773,0.99999,0,0.6,0.4,0
0.0025141,-0.0030025,0.39057,1,0,0.8,0.4,0
0.0027604,-0.0043039,0.327,0.99985,0,1,0.4,0
0.0028038,0.0041002,0.25507,0.00032515,0,1.2,0.4,0
0.0026492,0.0027796,0.18959,-8.7073e-05,0,1.4,0.4,0
0.0020058,0.0017506,0.13834,2.3318e-05,0,1.6,0.4,0
0.0014868,0.0012078,0.10005,-6.2443e-06,0,1.8,0.4,0
0.0010752,0.00083884,0.072218,1.6722e-06,0,2,0.4,0
0.00077915,0.00059863,0.052072,-4.478e-07,0,2.2,0.4,0
0.0005617,0.00042663,0.037532,1.1992e-07,0,2.4,0.4,0
0.00040522,0.00030692,0.027048,-3.2113e-08,0,2.6,0.4,0
0.00029203,0.00022039,0.019489,8.5997e-09,0,2.8,0.4,0
0.00021045,0.00015879,0.014043,-2.3029e-09,0,3,0.4,0
0.00015166,0.00011428,0.010118,6.1671e-10,0,3.2,0.4,0
0.00010927,8.2359e-05,0.0072908,-1.6515e-10,0,3.4,0.4,0
7.8738e-05,5.9318e-05,0.0052531,4.4227e-11,0,3.6,0.4,0
5.6728e-05,4.2745e-05,0.003785,-1.1844e-11,0,3.8,0.4,0
4.0876e-05,3.0794e-05,0.0027272,3.1716e-12,0,4,0.4,0
2.9451e-05,2.219e-05,0.001965,-8.4935e-13,0,4.2,0.4,0
2.1221e-05,1.5987e-05,0.0014159,2.2745e-13,0,4.4,0.4,0
1.529e-05,1.152e-05,0.0010202,-6.0909e-14,0,4.6,0.4,0
1.1017e-05,8.3003e-06,0.00073508,1.6311e-14,0,4.8,0.4,0
7.9377e-06,5.9808e-06,0.00052966,-4.368e-15,0,5,0.4,0
5.7194e-06,4.3094e-06,0.00038165,1.1697e-15,0,5.2,0.4,0
4.121e-06,3.1051e-06,0.000275,-3.1325e-16,0,5.4,0.4,0
2.9693e-06,2.2374e-06,0.00019816,8.3885e-17,0,5.6,0.4,0
2.1395e-06,1.6122e-06,0.00014279,-2.2464e-17,0,5.8,0.4,0
1.5416e-06,1.1616e-06,0.0001029,6.0157e-18,0,6,0.4,0
1.1108e-06,8.3704e-07,7.4154e-05,-1.611e-18,0,6.2,0.4,0
8.0037e-07,6.0314e-07,5.3442e-05,4.3141e-19,0,6.4,0.4,0
5.7671e-07,4.346e-07,3.8517e-05,-1.1553e-19,0,6.6,0.4,0
4.1555e-07,3.1316e-07,2.7763e-05,3.0938e-20,0,6.8,0.4,0
2.9942e-07,2.2566e-07,2.0015e-05,-8.2849e-21,0,7,0.4,0
2.1575e-07,1.626e-07,1.4431e-05,2.2186e-21,0,7.2,0.4,0
1.5546e-07,1.1717e-07,1.0408e-05,-5.9414e-22,0,7.4,0.4,0
1.1201e-07,8.4434e-08,7.5095e-06,1.5911e-22,0,7.6,0.4,0
8.0712e-08,6.0847e-08,5.4208e-06,-4.2608e-23,0,7.8,0.4,0
5.8157e-08,4.385e-08,3.9158e-06,1.141e-23,0,8,0.4,0
4.1905e-08,3.1599e-08,2.8313e-06,-3.0555e-24,0,8.2,0.4,0
3.0195e-08,2.2768e-08,2.0499e-06,8.1825e-25,0,8.4,0.4,0
2.1756e-08,1.6402e-08,1.4868e-06,-2.1912e-25,0,8.6,0.4,0
1.5675e-08,1.1814e-08,1.0812e-06,5.868e-26,0,8.8,0.4,0
1.1291e-08,8.5098e-09,7.8889e-07,-1.5714e-26,0,9,0.4,0
8.1323e-09,6.1304e-09,5.7838e-07,4.2081e-27,0,9.2,0.4,0
5.8573e-09,4.416e-09,4.2676e-07,-1.1269e-27,0,9.4,0.4,0
4.2215e-09,3.1797e-09,3.1753e-07,3.0178e-28,0,9.6,0.4,0
3.0464e-09,2.2878e-09,2.3876e-07,-8.0814e-29,0,9.8,0.4,0
2.2006e-09,1.6451e-09,1.8189e-07,2.1642e-29,0,10,0.4,0
1.5893e-09,1.1831e-09,1.4081e-07,-5.7955e-30,0,10.2,0.4,0
1.1463e-09,8.5143e-10,1.1116e-07,1.552e-30,0,10.4,0.4,0
8.2704e-10,6.1296e-10,8.9777e-08,-4.1561e-31,0,10.6,0.4,0
6.0085e-10,4.4096e-10,7.4308e-08,1.113e-31,0,10.8,0.4,0
4.4436e-10,3.167e-10,6.2986e-08,-2.9805e-32,0,11,0.4,0
3.3788e-10,2.2721e-10,5.4514e-08,7.9816e-33,0,11.2,0.4,0
2.649e-10,1.6312e-10,4.7987e-08,-2.1374e-33,0,11.4,0.4,0
2.1293e-10,1.1722e-10,4.2815e-08,5.7239e-34,0,11.6,0.4,0
1.7407e-10,8.3852e-11,3.8628e-08,-1.5328e-34,0,11.8,0.4,0
1.4424e-10,5.8941e-11,3.5185e-08,4.1048e-35,0,12,0.4,0
1.2157e-10,4.0094e-11,3.231e-08,-1.0992e-35,0,12.2,0.4,0
1.0485e-10,2.6272e-11,2.9862e-08,2.9437e-36,0,12.4,0.4,0
9.276e-11,1.7082e-11,2.7727e-08,-7.883e-37,0,12.6,0.4,0
8.3888e-11,1.2016e-11,2.5821e-08,2.111e-37,0,12.8,0.4,0
7.7142e-11,1.0071e-11,2.4088e-08,-5.6532e-38,0,13,0.4,0
7.1849e-11,9.8791e-12,2.2486e-08,1.5139e-38,0,13.2,0.4,0
6.7507e-11,1.0162e-11,2.0989e-08,-4.0541e-39,0,13.4,0.4,0
6.3473e-11,1.0138e-11,1.958e-08,1.0857e-39,0,13.6,0.4,0
5.8925e-11,9.6479e-12,1.8262e-08,-2.9073e-40,0,13.8,0.4,0
5.3161e-11,8.9715e-12,1.7054e-08,7.7856e-41,0,14,0.4,0
4.5983e-11,8.4993e-12,1.5985e-08,-2.0849e-41,0,14.2,0.4,0
3.7845e-11,8.466e-12,1.5081e-08,5.5833e-42,0,14.4,0.4,0
2.9639e-11,8.8476e-12,1.4354e-08,-1.4952e-42,0,14.6,0.4,0
2.2248e-11,9.4129e-12,1.3797e-08,4.004e-43,0,14.8,0.4,0
1.6154e-11,9.8491e-12,1.3384e-08,-1.0722e-43,0,15,0.4,0
1.1333e-11,9.8863e-12,1.3089e-08,2.8714e-44,0,15.2,0.4,0
7.4292e-12,9.3849e-12,1.2887e-08,-7.6894e-45,0,15.4,0.4,0
4.0721e-12,8.3804e-12,1.2762e-08,2.0592e-45,0,15.6,0.4,0
1.1189e-12,7.0894e-12,1.2705e-08,-5.5143e-46,0,15.8,0.4,0
-1.2992e-12,5.8731e-12,1.2706e-08,1.4767e-46,0,16,0.4,0
-2.9024e-12,5.1568e-12,1.2751e-08,-3.9545e-47,0,16.2,0.4,0
-3.4784e-12,5.321e-12,1.282e-08,1.059e-47,0,16.4,0.4,0
-3.0341e-12,6.5819e-12,1.2892e-08,-2.8359e-48,0,16.6,0.4,0
-1.7851e-12,8.9264e-12,1.2947e-08,7.5944e-49,0,16.8,0.4,0
-1.9543e-13,1.211e-11,1.2972e-08,-2.0337e-49,0,17,0.4,0
1.3347e-12,1.5681e-11,1.2965e-08,5.4464e-50,0,17.2,0.4,0
2.979e-12,1.9245e-11,1.2925e-08,-1.459e-50,0,17.4,0.4,0
4.1722e-12,2.2646e-11,1.2853e-08,3.9257e-51,0,17.6,0.4,0
3.1886e-12,2.5411e-11,1.2775e-08,-1.1209e-51,0,17.8,0.4,0
0,2.6519e-11,1.2741e-08,5.6017e-52,0,18,0.4,0
0.00042551,-0.0017581,0.31756,1,0,0.2,0.6,0
0,-0.0016636,0.32163,1,0,0,0.6,0
0.00087428,-0.0020462,0.30501,1,0,0.4,0.6,0
0.0013691,-0.0025773,0.28348,0.99999,0,0.6,0.6,0
0.0018308,-0.0033475,0.25248,1,0,0.8,0.6,0
0.0022338,-0.0044804,0.21423,0.99983,0,1,0.6,0
0.0022697,0.0042023,0.1726,0.00031,0,1.2,0.6,0
0.0019423,0.003041,0.13294,-8.3015e-05,0,1.4,0.6,0
0.0015691,0.0022069,0.09895,2.2231e-05,0,1.6,0.6,0
0.0011833,0.0015721,0.072521,-5.9533e-06,0,1.8,0.6,0
0.00087674,0.0011282,0.052671,1.5943e-06,0,2,0.6,0
0.00063819,0.0008093,0.038116,-4.2693e-07,0,2.2,0.6,0
0.00046329,0.00058244,0.027516,1.1433e-07,0,2.4,0.6,0
0.00033453,0.00041911,0.019849,-3.0617e-08,0,2.6,0.6,0
0.00024156,0.00030189,0.014308,8.199e-09,0,2.8,0.6,0
0.0001741,0.00021744,0.010312,-2.1956e-09,0,3,0.6,0
0.00012553,0.00015666,0.0074309,5.8797e-10,0,3.2,0.6,0
9.0445e-05,0.00011286,0.0053546,-1.5746e-10,0,3.4,0.6,0
6.5183e-05,8.132e-05,0.0038582,4.2166e-11,0,3.6,0.6,0
4.6962e-05,5.8592e-05,0.00278,-1.1292e-11,0,3.8,0.6,0
3.3841e-05,4.2217e-05,0.002003,3.0238e-12,0,4,0.6,0
2.4382e-05,3.0418e-05,0.0014433,-8.0977e-13,0,4.2,0.6,0
1.7568e-05,2.1917e-05,0.0010399,2.1685e-13,0,4.4,0.6,0
1.2658e-05,1.5792e-05,0.0007493,-5.8071e-14,0,4.6,0.6,0
9.1206e-06,1.1379e-05,0.0005399,1.5551e-14,0,4.8,0.6,0
6.5715e-06,8.1987e-06,0.00038903,-4.1645e-15,0,5,0.6,0
4.735e-06,5.9075e-06,0.00028032,1.1152e-15,0,5.2,0.6,0
3.4117e-06,4.2566e-06,0.00020199,-2.9865e-16,0,5.4,0.6,0
2.4582e-06,3.067e-06,0.00014555,7.9976e-17,0,5.6,0.6,0
1.7713e-06,2.2099e-06,0.00010489,-2.1417e-17,0,5.8,0.6,0
1.2763e-06,1.5924e-06,7.5585e-05,5.7354e-18,0,6,0.6,0
9.196e-07,1.1474e-06,5.4472e-05,-1.5359e-18,0,6.2,0.6,0
6.6261e-07,8.2676e-07,3.9259e-05,4.113e-19,0,6.4,0.6,0
4.7745e-07,5.9573e-07,2.8298e-05,-1.1014e-19,0,6.6,0.6,0
3.4402e-07,4.2927e-07,2.04e-05,2.9496e-20,0,6.8,0.6,0
2.4789e-07,3.0932e-07,1.4709e-05,-7.8988e-21,0,7,0.6,0
1.7861e-07,2.2289e-07,1.0608e-05,2.1152e-21,0,7.2,0.6,0
1.287e-07,1.6061e-07,7.6532e-06,-5.6645e-22,0,7.4,0.6,0
9.2735e-08,1.1573e-07,5.5242e-06,1.5169e-22,0,7.6,0.6,0
6.682e-08,8.34e-08,3.9901e-06,-4.0622e-23,0,7.8,0.6,0
4.8145e-08,6.0099e-08,2.8847e-06,1.0878e-23,0,8,0.6,0
3.4687e-08,4.3307e-08,2.0883e-06,-2.9131e-24,0,8.2,0.6,0
2.499e-08,3.1203e-08,1.5146e-06,7.8012e-25,0,8.4,0.6,0
1.8004e-08,2.2478e-08,1.1012e-06,-2.0891e-25,0,8.6,0.6,0
1.2971e-08,1.619e-08,8.034e-07,5.5945e-26,0,8.8,0.6,0
9.3452e-09,1.1661e-08,5.8883e-07,-1.4982e-26,0,9,0.6,0
6.7315e-09,8.4004e-09,4.3426e-07,4.012e-27,0,9.2,0.6,0
4.8481e-09,6.0523e-09,3.2293e-07,-1.0744e-27,0,9.4,0.6,0
3.4933e-09,4.3602e-09,2.4274e-07,2.8772e-28,0,9.6,0.6,0
2.5207e-09,3.1395e-09,1.8493e-07,-7.7048e-29,0,9.8,0.6,0
1.8222e-09,2.259e-09,1.4317e-07,2.0633e-29,0,10,0.6,0
1.3182e-09,1.625e-09,1.1297e-07,-5.5254e-30,0,10.2,0.6,0
9.5287e-10,1.17e-09,9.1121e-08,1.4797e-30,0,10.4,0.6,0
6.8919e-10,8.4396e-10,7.5331e-08,-3.9625e-31,0,10.6,0.6,0
5.0244e-10,6.1009e-10,6.3878e-08,1.0611e-31,0,10.8,0.6,0
3.7399e-10,4.413e-10,5.5455e-08,-2.8416e-32,0,11,0.6,0
2.8774e-10,3.1833e-10,4.9086e-08,7.6096e-33,0,11.2,0.6,0
2.2962e-10,2.2798e-10,4.4093e-08,-2.0378e-33,0,11.4,0.6,0
1.8864e-10,1.6137e-10,4.0043e-08,5.4571e-34,0,11.6,0.6,0
1.5793e-10,1.125e-10,3.668e-08,-1.4614e-34,0,11.8,0.6,0
1.3424e-10,7.7106e-11,3.3841e-08,3.9135e-35,0,12,0.6,0
1.1646e-10,5.2128e-11,3.1404e-08,-1.048e-35,0,12.2,0.6,0
1.0384e-10,3.5241e-11,2.9261e-08,2.8065e-36,0,12.4,0.6,0
9.5123e-11,2.4575e-11,2.7321e-08,-7.5156e-37,0,12.6,0.6,0
8.8719e-11,1.8449e-11,2.5523e-08,2.0126e-37,0,12.8,0.6,0
8.3319e-11,1.5262e-11,2.3837e-08,-5.3897e-38,0,13,0.6,0
7.8277e-11,1.3572e-11,2.2252e-08,1.4433e-38,0,13.2,0.6,0
7.3429e-11,1.2311e-11,2.0764e-08,-3.8651e-39,0,13.4,0.6,0
6.8636e-11,1.0964e-11,1.9369e-08,1.0351e-39,0,13.6,0.6,0
6.3506e-11,9.5787e-12,1.8072e-08,-2.7718e-40,0,13.8,0.6,0
5.7511e-11,8.5489e-12,1.6882e-08,7.4228e-41,0,14,0.6,0
5.0347e-11,8.2871e-12,1.5822e-08,-1.9878e-41,0,14.2,0.6,0
4.2197e-11,8.9363e-12,1.4913e-08,5.3231e-42,0,14.4,0.6,0
3.3684e-11,1.0253e-11,1.4168e-08,-1.4255e-42,0,14.6,0.6,0
2.5556e-11,1.1698e-11,1.3588e-08,3.8174e-43,0,14.8,0.6,0
1.8351e-11,1.2658e-11,1.3159e-08,-1.0223e-43,0,15,0.6,0
1.225e-11,1.2706e-11,1.2861e-08,2.7376e-44,0,15.2,0.6,0
7.1802e-12,1.176e-11,1.2672e-08,-7.3311e-45,0,15.4,0.6,0
3.0396e-12,1.0124e-11,1.2574e-08,1.9632e-45,0,15.6,0.6,0
-1.3622e-13,8.3795e-12,1.2549e-08,-5.2574e-46,0,15.8,0.6,0
-2.1708e-12,7.2065e-12,1.2574e-08,1.4079e-46,0,16,0.6,0
-2.8748e-12,7.1901e-12,1.2627e-08,-3.7702e-47,0,16.2,0.6,0
-2.2462e-12,8.6741e-12,1.2679e-08,1.0096e-47,0,16.4,0.6,0
-5.4518e-13,1.1699e-11,1.2707e-08,-2.7038e-48,0,16.6,0.6,0
1.7419e-12,1.6024e-11,1.2694e-08,7.2405e-49,0,16.8,0.6,0
3.9263e-12,2.1124e-11,1.2635e-08,-1.939e-49,0,17,0.6,0
5.6034e-12,2.6472e-11,1.2538e-08,5.1926e-50,0,17.2,0.6,0
6.7604e-12,3.143e-11,1.2413e-08,-1.391e-50,0,17.4,0.6,0
6.9323e-12,3.4761e-11,1.2274e-08,3.7428e-51,0,17.6,0.6,0
4.8038e-12,3.6353e-11,1.2151e-08,-1.0687e-51,0,17.8,0.6,0
0,3.6927e-11,1.2099e-08,5.3411e-52,0,18,0.6,0
0.00020578,-0.0021043,0.15676,1,0,0.2,0.8,0
0,-0.0020017,0.15885,1,0,0,0.8,0
0.00041918,-0.0024241,0.15043,1,0,0.4,0.8,0
0.00062991,-0.002965,0.13971,0.99998,0,0.6,0.8,0
0.00082272,-0.0037568,0.12484,1.0001,0,0.8,0.8,0
0.0009276,-0.0046714,0.10648,0.99979,0,1,0.8,0
0.0009456,0.0043352,0.086559,0.00027229,0,1.2,0.8,0
0.00087866,0.003385,0.067464,-7.2918e-05,0,1.4,0.8,0
0.00073031,0.0025163,0.051031,1.9527e-05,0,1.6,0.8,0
0.00057432,0.0018503,0.037745,-5.2292e-06,0,1.8,0.8,0
0.00043147,0.001344,0.027579,1.4003e-06,0,2,0.8,0
0.00031831,0.00097355,0.02001,-3.75e-07,0,2.2,0.8,0
0.00023177,0.00070279,0.014471,1.0042e-07,0,2.4,0.8,0
0.00016804,0.0005071,0.010445,-2.6893e-08,0,2.6,0.8,0
0.00012139,0.00036552,0.007533,7.2017e-09,0,2.8,0.8,0
8.7605e-05,0.00026347,0.0054301,-1.9286e-09,0,3,0.8,0
6.3159e-05,0.00018985,0.0039134,5.1646e-10,0,3.2,0.8,0
4.5527e-05,0.00013681,0.00282,-1.383e-10,0,3.4,0.8,0
3.2807e-05,9.8572e-05,0.002032,3.7037e-11,0,3.6,0.8,0
2.3641e-05,7.1026e-05,0.0014642,-9.9183e-12,0,3.8,0.8,0
1.7034e-05,5.1176e-05,0.001055,2.6561e-12,0,4,0.8,0
1.2274e-05,3.6874e-05,0.00076015,-7.1127e-13,0,4.2,0.8,0
8.8436e-06,2.6568e-05,0.00054772,1.9047e-13,0,4.4,0.8,0
6.372e-06,1.9143e-05,0.00039466,-5.1008e-14,0,4.6,0.8,0
4.5912e-06,1.3793e-05,0.00028437,1.366e-14,0,4.8,0.8,0
3.3081e-06,9.9385e-06,0.00020491,-3.658e-15,0,5,0.8,0
2.3836e-06,7.1611e-06,0.00014765,9.7958e-16,0,5.2,0.8,0
1.7174e-06,5.1598e-06,0.0001064,-2.6232e-16,0,5.4,0.8,0
1.2375e-06,3.7179e-06,7.6675e-05,7.0249e-17,0,5.6,0.8,0
8.9163e-07,2.6789e-06,5.5257e-05,-1.8812e-17,0,5.8,0.8,0
6.4246e-07,1.9302e-06,3.9825e-05,5.0378e-18,0,6,0.8,0
4.6292e-07,1.3908e-06,2.8705e-05,-1.3491e-18,0,6.2,0.8,0
3.3356e-07,1.0022e-06,2.0693e-05,3.6128e-19,0,6.4,0.8,0
2.4034e-07,7.2212e-07,1.492e-05,-9.6747e-20,0,6.6,0.8,0
1.7318e-07,5.2033e-07,1.076e-05,2.5908e-20,0,6.8,0.8,0
1.2478e-07,3.7493e-07,7.7626e-06,-6.9381e-21,0,7,0.8,0
8.9913e-08,2.7016e-07,5.6029e-06,1.858e-21,0,7.2,0.8,0
6.4786e-08,1.9467e-07,4.0466e-06,-4.9755e-22,0,7.4,0.8,0
4.6681e-08,1.4028e-07,2.9253e-06,1.3324e-22,0,7.6,0.8,0
3.3634e-08,1.0108e-07,2.1174e-06,-3.5681e-23,0,7.8,0.8,0
2.4231e-08,7.2834e-08,1.5353e-06,9.5552e-24,0,8,0.8,0
1.7453e-08,5.2481e-08,1.1159e-06,-2.5588e-24,0,8.2,0.8,0
1.2568e-08,3.7813e-08,8.1395e-07,6.8524e-25,0,8.4,0.8,0
9.0508e-09,2.7242e-08,5.9648e-07,-1.835e-25,0,8.6,0.8,0
6.5206e-09,1.9624e-08,4.3984e-07,4.9141e-26,0,8.8,0.8,0
4.6997e-09,1.4136e-08,3.2697e-07,-1.316e-26,0,9,0.8,0
3.3868e-09,1.0184e-08,2.4562e-07,3.524e-27,0,9.2,0.8,0
2.4389e-09,7.3383e-09,1.8701e-07,-9.4372e-28,0,9.4,0.8,0
1.7563e-09,5.2879e-09,1.4481e-07,2.5272e-28,0,9.6,0.8,0
1.2678e-09,3.8092e-09,1.1439e-07,-6.7677e-29,0,9.8,0.8,0
9.1906e-10,2.7429e-09,9.2396e-08,1.8123e-29,0,10,0.8,0
6.6848e-10,1.975e-09,7.6422e-08,-4.8534e-30,0,10.2,0.8,0
4.8642e-10,1.423e-09,6.48e-08,1.2997e-30,0,10.4,0.8,0
3.5427e-10,1.0264e-09,5.6343e-08,-3.4805e-31,0,10.6,0.8,0
2.6094e-10,7.4083e-10,5.016e-08,9.3206e-32,0,10.8,0.8,0
1.9846e-10,5.34e-10,4.5547e-08,-2.496e-32,0,11,0.8,0
1.5903e-10,3.8324e-10,4.1956e-08,6.6841e-33,0,11.2,0.8,0
1.3474e-10,2.7303e-10,3.9e-08,-1.79e-33,0,11.4,0.8,0
1.1879e-10,1.9275e-10,3.6445e-08,4.7934e-34,0,11.6,0.8,0
1.069e-10,1.3487e-10,3.417e-08,-1.2836e-34,0,11.8,0.8,0
9.7485e-11,9.3757e-11,3.2111e-08,3.4375e-35,0,12,0.8,0
9.0521e-11,6.5079e-11,3.0219e-08,-9.2054e-36,0,12.2,0.8,0
8.6037e-11,4.5532e-11,2.8444e-08,2.4652e-36,0,12.4,0.8,0
8.3288e-11,3.262e-11,2.674e-08,-6.6015e-37,0,12.6,0.8,0
8.0976e-11,2.438e-11,2.5087e-08,1.7678e-37,0,12.8,0.8,0
7.8045e-11,1.9199e-11,2.3485e-08,-4.7342e-38,0,13,0.8,0
7.4209e-11,1.5787e-11,2.1953e-08,1.2678e-38,0,13.2,0.8,0
6.9829e-11,1.3274e-11,2.0504e-08,-3.395e-39,0,13.4,0.8,0
6.5342e-11,1.1298e-11,1.9145e-08,9.0917e-40,0,13.6,0.8,0
6.0782e-11,9.9262e-12,1.7876e-08,-2.4347e-40,0,13.8,0.8,0
5.5741e-11,9.4086e-12,1.6703e-08,6.52e-41,0,14,0.8,0
4.9717e-11,9.8775e-12,1.5641e-08,-1.746e-41,0,14.2,0.8,0
4.2521e-11,1.1148e-11,1.4712e-08,4.6757e-42,0,14.4,0.8,0
3.4437e-11,1.2716e-11,1.3937e-08,-1.2521e-42,0,14.6,0.8,0
2.6082e-11,1.394e-11,1.3329e-08,3.3531e-43,0,14.8,0.8,0
1.8129e-11,1.4299e-11,1.2886e-08,-8.9794e-44,0,15,0.8,0
1.11e-11,1.3593e-11,1.2594e-08,2.4046e-44,0,15.2,0.8,0
5.3233e-12,1.2016e-11,1.2431e-08,-6.4394e-45,0,15.4,0.8,0
1.0201e-12,1.0093e-11,1.2369e-08,1.7244e-45,0,15.6,0.8,0
-1.6297e-12,8.5059e-12,1.2378e-08,-4.6179e-46,0,15.8,0.8,0
-2.5049e-12,7.909e-12,1.2422e-08,1.2366e-46,0,16,0.8,0
-1.6347e-12,8.7767e-12,1.2466e-08,-3.3117e-47,0,16.2,0.8,0
6.9016e-13,1.1321e-11,1.2478e-08,8.8684e-48,0,16.4,0.8,0
3.9265e-12,1.55e-11,1.2433e-08,-2.3749e-48,0,16.6,0.8,0
7.3201e-12,2.1034e-11,1.232e-08,6.3598e-49,0,16.8,0.8,0
1.0001e-11,2.7501e-11,1.2145e-08,-1.7031e-49,0,17,0.8,0
1.1564e-11,3.4067e-11,1.1927e-08,4.561e-50,0,17.2,0.8,0
1.167e-11,4.0064e-11,1.1691e-08,-1.2218e-50,0,17.4,0.8,0
9.4886e-12,4.5042e-11,1.1474e-08,3.2876e-51,0,17.6,0.8,0
5.222e-12,4.678e-11,1.1324e-08,-9.3866e-52,0,17.8,0.8,0
0,4.6327e-11,1.1271e-08,4.6896e-52,0,18,0.8,0
1.5224e-08,-0.0021907,-2.4398e-06,1,0,0.2,1,0
0,-0.0020853,-1.9203e-06,1,0,0,1,0
6.1607e-08,-0.0025059,-3.6376e-06,1,0,0.4,1,0
6.1658e-08,-0.0030384,-6.6627e-06,0.99998,0,0.6,1,0
2.0924e-07,-0.0037595,-1.0743e-05,1.0001,0,0.8,1,0
1.0163e-07,-0.0046696,-1.9094e-05,0.99975,0,1,1,0
-1.1543e-07,0.0043183,-1.9087e-05,0.00024542,0,1.2,1,0
-2.1898e-07,0.0033702,-1.0672e-05,-6.5721e-05,0,1.4,1,0
-6.849e-08,0.0025691,-6.4768e-06,1.76e-05,0,1.6,1,0
-6.9405e-08,0.0019061,-3.3126e-06,-4.7131e-06,0,1.8,1,0
-2.2749e-08,0.0013965,-1.8407e-06,1.2621e-06,0,2,1,0
-1.9255e-08,0.0010141,-8.9529e-07,-3.3799e-07,0,2.2,1,0
-6.3124e-09,0.00073397,-4.7345e-07,9.0512e-08,0,2.4,1,0
-5.1158e-09,0.00052986,-2.1499e-07,-2.4238e-08,0,2.6,1,0
-1.6954e-09,0.00038223,-1.0022e-07,6.4909e-09,0,2.8,1,0
-1.3462e-09,0.00027553,-3.1029e-08,-1.7382e-09,0,3,1,0
-4.4856e-10,0.00019859,-2.2555e-10,4.6548e-10,0,3.2,1,0
-3.4798e-10,0.0001431,1.8105e-08,-1.2465e-10,0,3.4,1,0
-1.1532e-10,0.00010311,2.6257e-08,3.3381e-11,0,3.6,1,0
-8.747e-11,7.4298e-05,3.1062e-08,-8.9393e-12,0,3.8,1,0
-2.3849e-11,5.3534e-05,3.3142e-08,2.3939e-12,0,4,1,0
-1.3259e-11,3.8573e-05,3.4252e-08,-6.4107e-13,0,4.2,1,0
3.9443e-12,2.7793e-05,3.4607e-08,1.7167e-13,0,4.4,1,0
6.7691e-12,2.0026e-05,3.4698e-08,-4.5973e-14,0,4.6,1,0
1.1065e-11,1.4429e-05,3.459e-08,1.2311e-14,0,4.8,1,0
9.5038e-12,1.0397e-05,3.4433e-08,-3.2969e-15,0,5,1,0
5.2533e-12,7.4911e-06,3.43e-08,8.8289e-16,0,5.2,1,0
-7.8193e-13,5.3976e-06,3.4272e-08,-2.3643e-16,0,5.4,1,0
-3.4879e-12,3.8892e-06,3.4329e-08,6.3315e-17,0,5.6,1,0
-1.3751e-12,2.8024e-06,3.4389e-08,-1.6955e-17,0,5.8,1,0
3.3878e-12,2.0192e-06,3.437e-08,4.5405e-18,0,6,1,0
6.7549e-12,1.4549e-06,3.4264e-08,-1.2159e-18,0,6.2,1,0
7.4711e-12,1.0484e-06,3.4118e-08,3.2562e-19,0,6.4,1,0
6.9535e-12,7.554e-07,3.3974e-08,-8.7198e-20,0,6.6,1,0
6.2431e-12,5.4431e-07,3.3841e-08,2.3351e-20,0,6.8,1,0
4.6559e-12,3.9221e-07,3.373e-08,-6.2533e-21,0,7,1,0
1.651e-12,2.8261e-07,3.3664e-08,1.6746e-21,0,7.2,1,0
-1.7736e-12,2.0364e-07,3.3666e-08,-4.4844e-22,0,7.4,1,0
-4.2172e-12,1.4673e-07,3.3728e-08,1.2009e-22,0,7.6,1,0
-5.8581e-12,1.0573e-07,3.3829e-08,-3.2159e-23,0,7.8,1,0
-8.5983e-12,7.6179e-08,3.3969e-08,8.6121e-24,0,8,1,0
-1.3711e-11,5.4891e-08,3.4188e-08,-2.3063e-24,0,8.2,1,0
-1.924e-11,3.9551e-08,3.452e-08,6.176e-25,0,8.4,1,0
-2.0756e-11,2.8496e-08,3.4931e-08,-1.6539e-25,0,8.6,1,0
-1.5952e-11,2.0529e-08,3.5308e-08,4.429e-26,0,8.8,1,0
-8.0156e-12,1.479e-08,3.5547e-08,-1.1861e-26,0,9,1,0
-2.8069e-12,1.0657e-08,3.5646e-08,3.1762e-27,0,9.2,1,0
-2.5569e-12,7.681e-09,3.5692e-08,-8.5057e-28,0,9.4,1,0
-3.7922e-12,5.5365e-09,3.5758e-08,2.2778e-28,0,9.6,1,0
-1.8666e-12,3.9897e-09,3.5823e-08,-6.0997e-29,0,9.8,1,0
3.8142e-12,2.8738e-09,3.5808e-08,1.6335e-29,0,10,1,0
9.8186e-12,2.0697e-09,3.5668e-08,-4.3743e-30,0,10.2,1,0
1.2938e-11,1.4912e-09,3.5434e-08,1.1714e-30,0,10.4,1,0
1.3444e-11,1.0748e-09,3.5169e-08,-3.137e-31,0,10.6,1,0
1.4518e-11,7.7427e-10,3.4894e-08,8.4006e-32,0,10.8,1,0
1.9307e-11,5.562e-10,3.4565e-08,-2.2496e-32,0,11,1,0
2.851e-11,3.9741e-10,3.4095e-08,6.0244e-33,0,11.2,1,0
4.011e-11,2.8209e-10,3.3412e-08,-1.6133e-33,0,11.4,1,0
5.1001e-11,1.9923e-10,3.2499e-08,4.3203e-34,0,11.6,1,0
5.9057e-11,1.4059e-10,3.1396e-08,-1.1569e-34,0,11.8,1,0
6.414e-11,9.9537e-11,3.0163e-08,3.0982e-35,0,12,1,0
6.7509e-11,7.0838e-11,2.8849e-08,-8.2968e-36,0,12.2,1,0
7.0379e-11,5.0656e-11,2.7474e-08,2.2218e-36,0,12.4,1,0
7.2905e-11,3.6452e-11,2.6044e-08,-5.9499e-37,0,12.6,1,0
7.433e-11,2.6603e-11,2.4573e-08,1.5934e-37,0,12.8,1,0
7.3884e-11,1.9948e-11,2.3091e-08,-4.2669e-38,0,13,1,0
7.1557e-11,1.5537e-11,2.1637e-08,1.1426e-38,0,13.2,1,0
6.8088e-11,1.2635e-11,2.0243e-08,-3.0599e-39,0,13.4,1,0
6.4337e-11,1.0814e-11,1.8923e-08,8.1943e-40,0,13.6,1,0
6.0615e-11,9.9524e-12,1.7677e-08,-2.1944e-40,0,13.8,1,0
5.6512e-11,1.0059e-11,1.6507e-08,5.8764e-41,0,14,1,0
5.1279e-11,1.1025e-11,1.543e-08,-1.5737e-41,0,14.2,1,0
4.4406e-11,1.2475e-11,1.4473e-08,4.2142e-42,0,14.4,1,0
3.6001e-11,1.3812e-11,1.3669e-08,-1.1285e-42,0,14.6,1,0
2.6763e-11,1.4442e-11,1.3042e-08,3.0221e-43,0,14.8,1,0
1.7676e-11,1.4022e-11,1.26e-08,-8.0931e-44,0,15,1,0
9.6701e-12,1.2615e-11,1.2329e-08,2.1673e-44,0,15.2,1,0
3.4221e-12,1.0661e-11,1.2202e-08,-5.8038e-45,0,15.4,1,0
-6.7112e-13,8.8193e-12,1.2179e-08,1.5542e-45,0,15.6,1,0
-2.4493e-12,7.7604e-12,1.2214e-08,-4.1621e-46,0,15.8,1,0
-1.9564e-12,7.9909e-12,1.2262e-08,1.1146e-46,0,16,1,0
5.3361e-13,9.7875e-12,1.228e-08,-2.9848e-47,0,16.2,1,0
4.5133e-12,1.3189e-11,1.2232e-08,7.9931e-48,0,16.4,1,0
9.2366e-12,1.8109e-11,1.2095e-08,-2.1405e-48,0,16.6,1,0
1.3884e-11,2.4362e-11,1.1864e-08,5.7321e-49,0,16.8,1,0
1.7411e-11,3.1775e-11,1.1549e-08,-1.535e-49,0,17,1,0
1.8653e-11,4.0126e-11,1.1186e-08,4.1108e-50,0,17.2,1,0
1.7975e-11,4.73e-11,1.082e-08,-1.1012e-50,0,17.4,1,0
1.4616e-11,5.2634e-11,1.049e-08,2.9631e-51,0,17.6,1,0
7.5515e-12,5.9227e-11,1.0266e-08,-8.462e-52,0,17.8,1,0
0,6.3259e-11,1.0196e-08,4.2339e-52,0,18,1,0
-0.00020577,-0.0021044,-0.15676,1,0,0.2,1.2,0
0,-0.0020017,-0.15885,1,0,0,1.2,0
-0.00041907,-0.0024241,-0.15043,1,0,0.4,1.2,0
-0.00062983,-0.0029651,-0.13972,0.99998,0,0.6,1.2,0
-0.00082234,-0.0037571,-0.12487,1.0001,0,0.8,1.2,0
-0.00092749,-0.0046709,-0.10652,0.99972,0,1,1.2,0
-0.00094574,0.0043356,-0.086598,0.00021852,0,1.2,1.2,0
-0.00087906,0.0033846,-0.067485,-5.8519e-05,0,1.4,1.2,0
-0.0007304,0.0025163,-0.051043,1.5671e-05,0,1.6,1.2,0
-0.00057444,0.0018502,-0.037751,-4.1966e-06,0,1.8,1.2,0
-0.0004315,0.001344,-0.027582,1.1238e-06,0,2,1.2,0
-0.00031834,0.00097353,-0.020012,-3.0095e-07,0,2.2,1.2,0
-0.00023178,0.00070278,-0.014472,8.0593e-08,0,2.4,1.2,0
-0.00016805,0.0005071,-0.010445,-2.1582e-08,0,2.6,1.2,0
-0.00012139,0.00036552,-0.0075331,5.7796e-09,0,2.8,1.2,0
-8.7607e-05,0.00026347,-0.0054301,-1.5477e-09,0,3,1.2,0
-6.3159e-05,0.00018985,-0.0039134,4.1447e-10,0,3.2,1.2,0
-4.5527e-05,0.00013681,-0.00282,-1.1099e-10,0,3.4,1.2,0
-3.2807e-05,9.8572e-05,-0.002032,2.9723e-11,0,3.6,1.2,0
-2.3641e-05,7.1026e-05,-0.0014641,-7.9597e-12,0,3.8,1.2,0
-1.7034e-05,5.1175e-05,-0.0010549,2.1316e-12,0,4,1.2,0
-1.2274e-05,3.6874e-05,-0.00076008,-5.7082e-13,0,4.2,1.2,0
-8.8436e-06,2.6568e-05,-0.00054765,1.5286e-13,0,4.4,1.2,0
-6.372e-06,1.9143e-05,-0.00039459,-4.0935e-14,0,4.6,1.2,0
-4.5912e-06,1.3793e-05,-0.0002843,1.0962e-14,0,4.8,1.2,0
-3.3081e-06,9.9386e-06,-0.00020484,-2.9356e-15,0,5,1.2,0
-2.3836e-06,7.1611e-06,-0.00014759,7.8614e-16,0,5.2,1.2,0
-1.7174e-06,5.1598e-06,-0.00010633,-2.1052e-16,0,5.4,1.2,0
-1.2375e-06,3.7179e-06,-7.6607e-05,5.6376e-17,0,5.6,1.2,0
-8.9164e-07,2.6789e-06,-5.5189e-05,-1.5097e-17,0,5.8,1.2,0
-6.4245e-07,1.9303e-06,-3.9756e-05,4.0429e-18,0,6,1.2,0
-4.6291e-07,1.3908e-06,-2.8637e-05,-1.0827e-18,0,6.2,1.2,0
-3.3354e-07,1.0022e-06,-2.0625e-05,2.8993e-19,0,6.4,1.2,0
-2.4033e-07,7.2212e-07,-1.4852e-05,-7.7642e-20,0,6.6,1.2,0
-1.7317e-07,5.2033e-07,-1.0692e-05,2.0792e-20,0,6.8,1.2,0
-1.2478e-07,3.7492e-07,-7.6951e-06,-5.568e-21,0,7,1.2,0
-8.9911e-08,2.7015e-07,-5.5354e-06,1.4911e-21,0,7.2,1.2,0
-6.4791e-08,1.9466e-07,-3.9792e-06,-3.993e-22,0,7.4,1.2,0
-4.6691e-08,1.4026e-07,-2.8577e-06,1.0693e-22,0,7.6,1.2,0
-3.3646e-08,1.0106e-07,-2.0495e-06,-2.8635e-23,0,7.8,1.2,0
-2.4247e-08,7.2815e-08,-1.4671e-06,7.6683e-24,0,8,1.2,0
-1.7477e-08,5.2467e-08,-1.0474e-06,-2.0535e-24,0,8.2,1.2,0
-1.2602e-08,3.7806e-08,-7.4484e-07,5.4992e-25,0,8.4,1.2,0
-9.0893e-09,2.7242e-08,-5.2662e-07,-1.4727e-25,0,8.6,1.2,0
-6.5508e-09,1.9628e-08,-3.6927e-07,3.9437e-26,0,8.8,1.2,0
-4.7148e-09,1.4142e-08,-2.5594e-07,-1.0561e-26,0,9,1.2,0
-3.3916e-09,1.0191e-08,-1.744e-07,2.8281e-27,0,9.2,1.2,0
-2.4433e-09,7.3473e-09,-1.1572e-07,-7.5736e-28,0,9.4,1.2,0
-1.7638e-09,5.2978e-09,-7.3398e-08,2.0282e-28,0,9.6,1.2,0
-1.2721e-09,3.8187e-09,-4.2848e-08,-5.4313e-29,0,9.8,1.2,0
-9.1269e-10,2.7506e-09,-2.0861e-08,1.4545e-29,0,10,1.2,0
-6.5036e-10,1.9802e-09,-5.1377e-09,-3.8949e-30,0,10.2,1.2,0
-4.6199e-10,1.4255e-09,6.0463e-09,1.043e-30,0,10.4,1.2,0
-3.2864e-10,1.0265e-09,1.3996e-08,-2.7932e-31,0,10.6,1.2,0
-2.3302e-10,7.3889e-10,1.9649e-08,7.48e-32,0,10.8,1.2,0
-1.6083e-10,5.304e-10,2.3619e-08,-2.0031e-32,0,11,1.2,0
-1.0273e-10,3.7864e-10,2.6279e-08,5.3642e-33,0,11.2,1.2,0
-5.4761e-11,2.6856e-10,2.7867e-08,-1.4365e-33,0,11.4,1.2,0
-1.6503e-11,1.8987e-10,2.8582e-08,3.8468e-34,0,11.6,1.2,0
1.1749e-11,1.3474e-10,2.8624e-08,-1.0302e-34,0,11.8,1.2,0
3.1069e-11,9.6619e-11,2.8188e-08,2.7587e-35,0,12,1.2,0
4.4026e-11,7.0001e-11,2.743e-08,-7.3876e-36,0,12.2,1.2,0
5.3318e-11,5.0827e-11,2.6451e-08,1.9783e-36,0,12.4,1.2,0
6.0404e-11,3.6605e-11,2.5307e-08,-5.2979e-37,0,12.6,1.2,0
6.5325e-11,2.6091e-11,2.4041e-08,1.4187e-37,0,12.8,1.2,0
6.7619e-11,1.8662e-11,2.2701e-08,-3.7993e-38,0,13,1.2,0
6.7347e-11,1.3812e-11,2.1341e-08,1.0174e-38,0,13.2,1.2,0
6.5361e-11,1.0971e-11,2.0006e-08,-2.7246e-39,0,13.4,1.2,0
6.274e-11,9.5953e-12,1.8717e-08,7.2963e-40,0,13.6,1.2,0
6.0001e-11,9.2913e-12,1.7483e-08,-1.9539e-40,0,13.8,1.2,0
5.6771e-11,9.8011e-12,1.6307e-08,5.2324e-41,0,14,1.2,0
5.2144e-11,1.086e-11,1.5209e-08,-1.4012e-41,0,14.2,1.2,0
4.539e-11,1.2073e-11,1.4224e-08,3.7524e-42,0,14.4,1.2,0
3.6526e-11,1.2931e-11,1.3398e-08,-1.0049e-42,0,14.6,1.2,0
2.6401e-11,1.2982e-11,1.2764e-08,2.6909e-43,0,14.8,1.2,0
1.6355e-11,1.2053e-11,1.2336e-08,-7.2062e-44,0,15,1.2,0
7.7206e-12,1.0356e-11,1.2098e-08,1.9298e-44,0,15.2,1.2,0
1.4529e-12,8.442e-12,1.201e-08,-5.1678e-45,0,15.4,1.2,0
-1.9835e-12,6.9983e-12,1.202e-08,1.3839e-45,0,15.6,1.2,0
-2.5685e-12,6.63e-12,1.207e-08,-3.706e-46,0,15.8,1.2,0
-5.914e-13,7.6958e-12,1.2105e-08,9.9244e-47,0,16,1.2,0
3.4356e-12,1.0283e-11,1.2078e-08,-2.6577e-47,0,16.2,1.2,0
8.8249e-12,1.4304e-11,1.1955e-08,7.1172e-48,0,16.4,1.2,0
1.4884e-11,1.9585e-11,1.1716e-08,-1.9059e-48,0,16.6,1.2,0
2.0634e-11,2.6197e-11,1.1355e-08,5.104e-49,0,16.8,1.2,0
2.5615e-11,3.4071e-11,1.0887e-08,-1.3668e-49,0,17,1.2,0
2.8131e-11,4.4128e-11,1.0336e-08,3.6603e-50,0,17.2,1.2,0
2.4771e-11,5.6533e-11,9.786e-09,-9.8054e-51,0,17.4,1.2,0
1.9309e-11,6.4713e-11,9.3392e-09,2.6382e-51,0,17.6,1.2,0
1.3295e-11,6.5912e-11,8.9934e-09,-7.5275e-52,0,17.8,1.2,0
0,6.563e-11,8.8372e-09,3.743e-52,0,18,1.2,0
-0.0004255,-0.0017582,-0.31756,1,0,0.2,1.4,0
0,-0.0016637,-0.32163,1,0,0,1.4,0
-0.00087421,-0.0020463,-0.30502,1,0,0.4,1.4,0
-0.0013691,-0.0025774,-0.28348,0.99998,0,0.6,1.4,0
-0.0018304,-0.003348,-0.25249,1.0001,0,0.8,1.4,0
-0.0022336,-0.0044794,-0.21426,0.99968,0,1,1.4,0
-0.0022699,0.0042034,-0.17263,0.00018088,0,1.2,1.4,0
-0.0019428,0.0030403,-0.13296,-4.8439e-05,0,1.4,1.4,0
-0.0015691,0.0022068,-0.09896,1.2972e-05,0,1.6,1.4,0
-0.0011834,0.001572,-0.072525,-3.4738e-06,0,1.8,1.4,0
-0.00087675,0.0011282,-0.052673,9.3025e-07,0,2,1.4,0
-0.00063821,0.00080927,-0.038117,-2.4911e-07,0,2.2,1.4,0
-0.00046329,0.00058243,-0.027517,6.6711e-08,0,2.4,1.4,0
-0.00033453,0.0004191,-0.019849,-1.7865e-08,0,2.6,1.4,0
-0.00024156,0.00030189,-0.014308,4.7841e-09,0,2.8,1.4,0
-0.0001741,0.00021744,-0.010312,-1.2811e-09,0,3,1.4,0
-0.00012553,0.00015666,-0.0074309,3.4308e-10,0,3.2,1.4,0
-9.0445e-05,0.00011286,-0.0053545,-9.1876e-11,0,3.4,1.4,0
-6.5183e-05,8.132e-05,-0.0038581,2.4604e-11,0,3.6,1.4,0
-4.6963e-05,5.8591e-05,-0.0027799,-6.5887e-12,0,3.8,1.4,0
-3.384e-05,4.2216e-05,-0.002003,1.7644e-12,0,4,1.4,0
-2.4382e-05,3.0418e-05,-0.0014432,-4.725e-13,0,4.2,1.4,0
-1.7568e-05,2.1917e-05,-0.0010398,1.2653e-13,0,4.4,1.4,0
-1.2658e-05,1.5792e-05,-0.00074923,-3.3884e-14,0,4.6,1.4,0
-9.1206e-06,1.1379e-05,-0.00053983,9.074e-15,0,4.8,1.4,0
-6.5715e-06,8.1987e-06,-0.00038896,-2.43e-15,0,5,1.4,0
-4.735e-06,5.9075e-06,-0.00028025,6.5073e-16,0,5.2,1.4,0
-3.4117e-06,4.2566e-06,-0.00020192,-1.7426e-16,0,5.4,1.4,0
-2.4583e-06,3.0671e-06,-0.00014548,4.6666e-17,0,5.6,1.4,0
-1.7713e-06,2.21e-06,-0.00010482,-1.2497e-17,0,5.8,1.4,0
-1.2763e-06,1.5924e-06,-7.5516e-05,3.3466e-18,0,6,1.4,0
-9.1959e-07,1.1474e-06,-5.4404e-05,-8.9619e-19,0,6.2,1.4,0
-6.6261e-07,8.2677e-07,-3.9191e-05,2.4e-19,0,6.4,1.4,0
-4.7744e-07,5.9573e-07,-2.823e-05,-6.4269e-20,0,6.6,1.4,0
-3.4402e-07,4.2926e-07,-2.0332e-05,1.7211e-20,0,6.8,1.4,0
-2.4788e-07,3.093e-07,-1.4641e-05,-4.609e-21,0,7,1.4,0
-1.7862e-07,2.2287e-07,-1.054e-05,1.2342e-21,0,7.2,1.4,0
-1.2871e-07,1.6059e-07,-7.5854e-06,-3.3052e-22,0,7.4,1.4,0
-9.2751e-08,1.1571e-07,-5.4561e-06,8.8512e-23,0,7.6,1.4,0
-6.6835e-08,8.3369e-08,-3.9217e-06,-2.3703e-23,0,7.8,1.4,0
-4.8157e-08,6.0067e-08,-2.816e-06,6.3475e-24,0,8,1.4,0
-3.4701e-08,4.3283e-08,-2.0194e-06,-1.6998e-24,0,8.2,1.4,0
-2.5013e-08,3.1193e-08,-1.4453e-06,4.552e-25,0,8.4,1.4,0
-1.8035e-08,2.248e-08,-1.0314e-06,-1.219e-25,0,8.6,1.4,0
-1.2999e-08,1.6198e-08,-7.3294e-07,3.2644e-26,0,8.8,1.4,0
-9.3593e-09,1.167e-08,-5.1796e-07,-8.7419e-27,0,9,1.4,0
-6.7347e-09,8.4103e-09,-3.6324e-07,2.341e-27,0,9.2,1.4,0
-4.8505e-09,6.0647e-09,-2.5187e-07,-6.2691e-28,0,9.4,1.4,0
-3.4998e-09,4.375e-09,-1.7159e-07,1.6788e-28,0,9.6,1.4,0
-2.5263e-09,3.1547e-09,-1.1364e-07,-4.4958e-29,0,9.8,1.4,0
-1.8187e-09,2.2721e-09,-7.1848e-08,1.2039e-29,0,10,1.4,0
-1.3036e-09,1.6343e-09,-4.1829e-08,-3.2241e-30,0,10.2,1.4,0
-9.3169e-10,1.1748e-09,-2.0351e-08,8.6339e-31,0,10.4,1.4,0
-6.6613e-10,8.4482e-10,-5.0026e-09,-2.3121e-31,0,10.6,1.4,0
-4.7631e-10,6.0786e-10,5.976e-09,6.1916e-32,0,10.8,1.4,0
-3.3719e-10,4.3677e-10,1.3801e-08,-1.6581e-32,0,11,1.4,0
-2.3072e-10,3.1233e-10,1.9266e-08,4.4402e-33,0,11.2,1.4,0
-1.4667e-10,2.2189e-10,2.289e-08,-1.1891e-33,0,11.4,1.4,0
-8.0957e-11,1.5718e-10,2.506e-08,3.1842e-34,0,11.6,1.4,0
-3.2286e-11,1.1209e-10,2.6118e-08,-8.5272e-35,0,11.8,1.4,0
1.2606e-12,8.1214e-11,2.6382e-08,2.2835e-35,0,12,1.4,0
2.3374e-11,5.971e-11,2.6112e-08,-6.1151e-36,0,12.2,1.4,0
3.8384e-11,4.3834e-11,2.5489e-08,1.6376e-36,0,12.4,1.4,0
4.942e-11,3.1418e-11,2.4615e-08,-4.3854e-37,0,12.6,1.4,0
5.7638e-11,2.1702e-11,2.3555e-08,1.1744e-37,0,12.8,1.4,0
6.294e-11,1.465e-11,2.2362e-08,-3.1449e-38,0,13,1.4,0
6.5255e-11,1.024e-11,2.1097e-08,8.4218e-39,0,13.2,1.4,0
6.5227e-11,8.1025e-12,1.9812e-08,-2.2553e-39,0,13.4,1.4,0
6.3903e-11,7.5851e-12,1.8544e-08,6.0396e-40,0,13.6,1.4,0
6.1933e-11,8.0022e-12,1.7309e-08,-1.6174e-40,0,13.8,1.4,0
5.9078e-11,8.8226e-12,1.612e-08,4.3312e-41,0,14,1.4,0
5.4445e-11,9.6792e-12,1.5002e-08,-1.1599e-41,0,14.2,1.4,0
4.7247e-11,1.028e-11,1.3999e-08,3.106e-42,0,14.4,1.4,0
3.7509e-11,1.0359e-11,1.3163e-08,-8.3178e-43,0,14.6,1.4,0
2.6272e-11,9.7419e-12,1.2534e-08,2.2275e-43,0,14.8,1.4,0
1.5226e-11,8.4619e-12,1.2128e-08,-5.965e-44,0,15,1.4,0
6.0759e-12,6.8302e-12,1.1924e-08,1.5974e-44,0,15.2,1.4,0
2.5375e-15,5.3747e-12,1.187e-08,-4.2777e-45,0,15.4,1.4,0
-2.543e-12,4.6688e-12,1.1902e-08,1.1455e-45,0,15.6,1.4,0
-1.7453e-12,5.1347e-12,1.1951e-08,-3.0677e-46,0,15.8,1.4,0
1.782e-12,6.9469e-12,1.1957e-08,8.215e-47,0,16,1.4,0
7.3318e-12,1.0002e-11,1.1873e-08,-2.1999e-47,0,16.2,1.4,0
1.4063e-11,1.4154e-11,1.1668e-08,5.8913e-48,0,16.4,1.4,0
2.1442e-11,1.9202e-11,1.1324e-08,-1.5776e-48,0,16.6,1.4,0
2.8879e-11,2.5351e-11,1.0834e-08,4.2248e-49,0,16.8,1.4,0
3.5476e-11,3.3281e-11,1.0207e-08,-1.1314e-49,0,17,1.4,0
4.2437e-11,4.2949e-11,9.4552e-09,3.0299e-50,0,17.2,1.4,0
4.4192e-11,5.9546e-11,8.6e-09,-8.1167e-51,0,17.4,1.4,0
3.0405e-11,8.2181e-11,7.8653e-09,2.1845e-51,0,17.6,1.4,0
1.079e-11,9.025e-11,7.5123e-09,-6.2575e-52,0,17.8,1.4,0
0,8.7e-11,7.4444e-09,3.1977e-52,0,18,1.4,0
-0.00052807,-0.0013001,-0.48718,1,0,0.2,1.6,0
0,-0.0012301,-0.49294,1,0,0,1.6,0
-0.0011123,-0.0015549,-0.46934,1,0,0.4,1.6,0
-0.001764,-0.0020211,-0.43773,0.99998,0,0.6,1.6,0
-0.0025138,-0.0030038,-0.39058,1.0001,0,0.8,1.6,0
-0.0027602,-0.0043023,-0.32703,0.99966,0,1,1.6,0
-0.002804,0.0041017,-0.25511,0.00016562,0,1.2,1.6,0
-0.0026495,0.0027782,-0.1896,-4.4351e-05,0,1.4,1.6,0
-0.0020056,0.0017505,-0.13835,1.1877e-05,0,1.6,1.6,0
-0.0014868,0.0012077,-0.10005,-3.1806e-06,0,1.8,1.6,0
-0.0010752,0.00083879,-0.072219,8.5173e-07,0,2,1.6,0
-0.00077915,0.00059859,-0.052072,-2.2809e-07,0,2.2,1.6,0
-0.00056168,0.00042661,-0.037532,6.1081e-08,0,2.4,1.6,0
-0.00040522,0.00030691,-0.027048,-1.6357e-08,0,2.6,1.6,0
-0.00029203,0.00022038,-0.019489,4.3803e-09,0,2.8,1.6,0
-0.00021045,0.00015879,-0.014043,-1.173e-09,0,3,1.6,0
-0.00015166,0.00011428,-0.010118,3.1413e-10,0,3.2,1.6,0
-0.00010927,8.2358e-05,-0.0072907,-8.4121e-11,0,3.4,1.6,0
-7.8737e-05,5.9317e-05,-0.005253,2.2527e-11,0,3.6,1.6,0
-5.6728e-05,4.2745e-05,-0.003785,-6.0326e-12,0,3.8,1.6,0
-4.0876e-05,3.0794e-05,-0.0027271,1.6155e-12,0,4,1.6,0
-2.9451e-05,2.219e-05,-0.001965,-4.3262e-13,0,4.2,1.6,0
-2.1221e-05,1.5987e-05,-0.0014158,1.1585e-13,0,4.4,1.6,0
-1.5289e-05,1.152e-05,-0.0010201,-3.1025e-14,0,4.6,1.6,0
-1.1017e-05,8.3003e-06,-0.00073501,8.3082e-15,0,4.8,1.6,0
-7.9377e-06,5.9808e-06,-0.0005296,-2.2249e-15,0,5,1.6,0
-5.7194e-06,4.3094e-06,-0.00038158,5.9581e-16,0,5.2,1.6,0
-4.121e-06,3.1052e-06,-0.00027494,-1.5955e-16,0,5.4,1.6,0
-2.9693e-06,2.2374e-06,-0.00019809,4.2727e-17,0,5.6,1.6,0
-2.1395e-06,1.6122e-06,-0.00014273,-1.1442e-17,0,5.8,1.6,0
-1.5416e-06,1.1617e-06,-0.00010283,3.0641e-18,0,6,1.6,0
-1.1108e-06,8.3705e-07,-7.4086e-05,-8.2056e-19,0,6.2,1.6,0
-8.0037e-07,6.0314e-07,-5.3374e-05,2.1974e-19,0,6.4,1.6,0
-5.7671e-07,4.346e-07,-3.8449e-05,-5.8845e-20,0,6.6,1.6,0
-4.1555e-07,3.1315e-07,-2.7695e-05,1.5758e-20,0,6.8,1.6,0
-2.9942e-07,2.2564e-07,-1.9947e-05,-4.22e-21,0,7,1.6,0
-2.1575e-07,1.6258e-07,-1.4363e-05,1.1301e-21,0,7.2,1.6,0
-1.5547e-07,1.1715e-07,-1.034e-05,-3.0263e-22,0,7.4,1.6,0
-1.1203e-07,8.4415e-08,-7.441e-06,8.1042e-23,0,7.6,1.6,0
-8.0732e-08,6.0823e-08,-5.3518e-06,-2.1702e-23,0,7.8,1.6,0
-5.8167e-08,4.3822e-08,-3.8465e-06,5.8118e-24,0,8,1.6,0
-4.1908e-08,3.1576e-08,-2.7619e-06,-1.5564e-24,0,8.2,1.6,0
-3.0203e-08,2.2758e-08,-1.9804e-06,4.1678e-25,0,8.4,1.6,0
-2.1777e-08,1.6404e-08,-1.417e-06,-1.1161e-25,0,8.6,1.6,0
-1.5699e-08,1.1823e-08,-1.0109e-06,2.9889e-26,0,8.8,1.6,0
-1.1305e-08,8.5185e-09,-7.182e-07,-8.0041e-27,0,9,1.6,0
-8.1339e-09,6.1378e-09,-5.0753e-07,2.1434e-27,0,9.2,1.6,0
-5.8567e-09,4.4246e-09,-3.5592e-07,-5.74e-28,0,9.4,1.6,0
-4.2255e-09,3.1917e-09,-2.4666e-07,1.5371e-28,0,9.6,1.6,0
-3.0517e-09,2.3029e-09,-1.6778e-07,-4.1163e-29,0,9.8,1.6,0
-2.2e-09,1.6601e-09,-1.1085e-07,1.1023e-29,0,10,1.6,0
-1.5799e-09,1.194e-09,-6.9878e-08,-2.952e-30,0,10.2,1.6,0
-1.1309e-09,8.5679e-10,-4.0495e-08,7.9052e-31,0,10.4,1.6,0
-8.0892e-10,6.1432e-10,-1.9471e-08,-2.117e-31,0,10.6,1.6,0
-5.7893e-10,4.4135e-10,-4.4286e-09,5.6691e-32,0,10.8,1.6,0
-4.1212e-10,3.1819e-10,6.3152e-09,-1.5181e-32,0,11,1.6,0
-2.867e-10,2.2978e-10,1.3894e-08,4.0655e-33,0,11.2,1.6,0
-1.8904e-10,1.6551e-10,1.9057e-08,-1.0887e-33,0,11.4,1.6,0
-1.1291e-10,1.1869e-10,2.2334e-08,2.9155e-34,0,11.6,1.6,0
-5.6247e-11,8.5098e-11,2.4169e-08,-7.8075e-35,0,11.8,1.6,0
-1.7157e-11,6.1561e-11,2.4967e-08,2.0908e-35,0,12,1.6,0
8.1738e-12,4.5116e-11,2.507e-08,-5.599e-36,0,12.2,1.6,0
2.475e-11,3.3097e-11,2.4722e-08,1.4994e-36,0,12.4,1.6,0
3.6717e-11,2.3641e-11,2.4067e-08,-4.0152e-37,0,12.6,1.6,0
4.6069e-11,1.5977e-11,2.3182e-08,1.0753e-37,0,12.8,1.6,0
5.2989e-11,1.0183e-11,2.2118e-08,-2.8795e-38,0,13,1.6,0
5.7161e-11,6.5704e-12,2.0932e-08,7.711e-39,0,13.2,1.6,0
5.8773e-11,5.1135e-12,1.9682e-08,-2.065e-39,0,13.4,1.6,0
5.8562e-11,5.2511e-12,1.8416e-08,5.5298e-40,0,13.6,1.6,0
5.7165e-11,6.095e-12,1.7167e-08,-1.4809e-40,0,13.8,1.6,0
5.4548e-11,6.8116e-12,1.5961e-08,3.9656e-41,0,14,1.6,0
5.0065e-11,6.9082e-12,1.4832e-08,-1.062e-41,0,14.2,1.6,0
4.3091e-11,6.2925e-12,1.3828e-08,2.8439e-42,0,14.4,1.6,0
3.3708e-11,5.1556e-12,1.3001e-08,-7.6158e-43,0,14.6,1.6,0
2.2971e-11,3.808e-12,1.2393e-08,2.0395e-43,0,14.8,1.6,0
1.2592e-11,2.5737e-12,1.2013e-08,-5.4615e-44,0,15,1.6,0
4.2912e-12,1.7518e-12,1.1835e-08,1.4626e-44,0,15.2,1.6,0
-7.7227e-13,1.5974e-12,1.18e-08,-3.9166e-45,0,15.4,1.6,0
-2.2651e-12,2.2977e-12,1.1833e-08,1.0489e-45,0,15.6,1.6,0
-5.2453e-13,3.9068e-12,1.1863e-08,-2.8088e-46,0,15.8,1.6,0
3.6626e-12,6.3667e-12,1.1826e-08,7.5217e-47,0,16,1.6,0
9.5155e-12,9.4948e-12,1.1679e-08,-2.0143e-47,0,16.2,1.6,0
1.6351e-11,1.3134e-11,1.1395e-08,5.3941e-48,0,16.4,1.6,0
2.3556e-11,1.7407e-11,1.0957e-08,-1.4445e-48,0,16.6,1.6,0
3.1594e-11,2.2337e-11,1.0356e-08,3.8683e-49,0,16.8,1.6,0
3.8992e-11,2.9452e-11,9.5759e-09,-1.0359e-49,0,17,1.6,0
4.7021e-11,3.9571e-11,8.6325e-09,2.7741e-50,0,17.2,1.6,0
5.836e-11,5.3506e-11,7.4645e-09,-7.4309e-51,0,17.4,1.6,0
5.2545e-11,8.722e-11,6.1346e-09,1.9974e-51,0,17.6,1.6,0
2.3163e-11,1.4422e-10,5.1859e-09,-5.6281e-52,0,17.8,1.6,0
0,1.7568e-10,4.9091e-09,2.5495e-52,0,18,1.6,0
-0.00090344,-0.00052487,-0.66767,1,0,0.2,1.8,0
0,-0.00049299,-0.67445,1,0,0,1.8,0
-0.0018802,-0.00063192,-0.6457,1,0,0.4,1.8,0
-0.0032547,-0.00085644,-0.60668,0.99996,0,0.6,1.8,0
-0.0049692,-0.0012884,-0.54155,1.0001,0,0.8,1.8,0
-0.0082713,-0.0032244,-0.44795,0.99947,0,1,1.8,0
-0.0083402,0.0031448,-0.33116,7.9972e-06,0,1.2,1.8,0
-0.0051889,0.001198,-0.23526,-2.1414e-06,0,1.4,1.8,0
-0.0036492,0.00074858,-0.16535,5.7345e-07,0,1.6,1.8,0
-0.0024898,0.00049327,-0.1185,-1.5356e-07,0,1.8,1.8,0
-0.0018016,0.00034005,-0.08483,4.1124e-08,0,2,1.8,0
-0.0012738,0.00023993,-0.061074,-1.1013e-08,0,2.2,1.8,0
-0.00092196,0.00017099,-0.043916,2.9491e-09,0,2.4,1.8,0
-0.00065962,0.00012253,-0.031644,-7.8976e-10,0,2.6,1.8,0
-0.00047652,8.8056e-05,-0.022785,2.1149e-10,0,2.8,1.8,0
-0.00034239,6.335e-05,-0.016419,-5.6637e-11,0,3,1.8,0
-0.00024702,4.5623e-05,-0.011827,1.5167e-11,0,3.2,1.8,0
-0.00017778,3.2858e-05,-0.0085223,-4.0616e-12,0,3.4,1.8,0
-0.00012817,2.3675e-05,-0.0061399,1.0877e-12,0,3.6,1.8,0
-9.2306e-05,1.7056e-05,-0.0044241,-2.9128e-13,0,3.8,1.8,0
-6.6527e-05,1.2291e-05,-0.0031875,7.8002e-14,0,4,1.8,0
-4.7924e-05,8.8558e-06,-0.0022968,-2.0888e-14,0,4.2,1.8,0
-3.4535e-05,6.3815e-06,-0.0016548,5.5938e-15,0,4.4,1.8,0
-2.4881e-05,4.5983e-06,-0.0011924,-1.498e-15,0,4.6,1.8,0
-1.7929e-05,3.3135e-06,-0.00085913,4.0116e-16,0,4.8,1.8,0
-1.2918e-05,2.3877e-06,-0.00061903,-1.0743e-16,0,5,1.8,0
-9.3077e-06,1.7206e-06,-0.00044602,2.8768e-17,0,5.2,1.8,0
-6.7064e-06,1.2398e-06,-0.00032137,-7.704e-18,0,5.4,1.8,0
-4.8323e-06,8.9344e-07,-0.00023155,2.0631e-18,0,5.6,1.8,0
-3.4818e-06,6.4382e-07,-0.00016683,-5.5249e-19,0,5.8,1.8,0
-2.5088e-06,4.6395e-07,-0.0001202,1.4795e-19,0,6,1.8,0
-1.8077e-06,3.3433e-07,-8.6604e-05,-3.9621e-20,0,6.2,1.8,0
-1.3026e-06,2.4092e-07,-6.2393e-05,1.061e-20,0,6.4,1.8,0
-9.3857e-07,1.7361e-07,-4.4948e-05,-2.8414e-21,0,6.6,1.8,0
-6.7629e-07,1.2511e-07,-3.2378e-05,7.6091e-22,0,6.8,1.8,0
-4.873e-07,9.0153e-08,-2.3321e-05,-2.0377e-22,0,7,1.8,0
-3.5113e-07,6.4963e-08,-1.6795e-05,5.4568e-23,0,7.2,1.8,0
-2.5302e-07,4.6812e-08,-1.2092e-05,-1.4613e-23,0,7.4,1.8,0
-1.8233e-07,3.3735e-08,-8.7035e-06,3.9133e-24,0,7.6,1.8,0
-1.3139e-07,2.4313e-08,-6.2615e-06,-1.048e-24,0,7.8,1.8,0
-9.4668e-08,1.7521e-08,-4.5019e-06,2.8064e-25,0,8,1.8,0
-6.8205e-08,1.2624e-08,-3.2341e-06,-7.5153e-26,0,8.2,1.8,0
-4.9149e-08,9.095e-09,-2.3207e-06,2.0126e-26,0,8.4,1.8,0
-3.543e-08,6.5567e-09,-1.6624e-06,-5.3895e-27,0,8.6,1.8,0
-2.554e-08,4.7315e-09,-1.1877e-06,1.4433e-27,0,8.8,1.8,0
-1.84e-08,3.4144e-09,-8.4569e-07,-3.865e-28,0,9,1.8,0
-1.3246e-08,2.46e-09,-5.9938e-07,1.035e-28,0,9.2,1.8,0
-9.537e-09,1.7694e-09,-4.2209e-07,-2.7718e-29,0,9.4,1.8,0
-6.8753e-09,1.2737e-09,-2.9436e-07,7.4227e-30,0,9.6,1.8,0
-4.9619e-09,9.1996e-10,-2.0221e-07,-1.9877e-30,0,9.8,1.8,0
-3.5796e-09,6.6615e-10,-1.3571e-07,5.3231e-31,0,10,1.8,0
-2.5766e-09,4.8123e-10,-8.7774e-08,-1.4255e-31,0,10.2,1.8,0
-1.8488e-09,3.452e-10,-5.3332e-08,3.8174e-32,0,10.4,1.8,0
-1.323e-09,2.4609e-10,-2.8657e-08,-1.0223e-32,0,10.6,1.8,0
-9.4424e-10,1.7603e-10,-1.1019e-08,2.7376e-33,0,10.8,1.8,0
-6.7008e-10,1.2824e-10,1.5491e-09,-7.3312e-34,0,11,1.8,0
-4.6769e-10,9.5929e-11,1.0417e-08,1.9632e-34,0,11.2,1.8,0
-3.1432e-10,7.289e-11,1.6511e-08,-5.2575e-35,0,11.4,1.8,0
-1.9687e-10,5.4779e-11,2.0482e-08,1.4079e-35,0,11.6,1.8,0
-1.0901e-10,3.9733e-11,2.2837e-08,-3.7703e-36,0,11.8,1.8,0
-4.6732e-11,2.7704e-11,2.4014e-08,1.0097e-36,0,12,1.8,0
-5.0798e-12,1.9016e-11,2.4384e-08,-2.7039e-37,0,12.2,1.8,0
2.2253e-11,1.3307e-11,2.4225e-08,7.2408e-38,0,12.4,1.8,0
4.1211e-11,9.5126e-12,2.3712e-08,-1.939e-38,0,12.6,1.8,0
5.5633e-11,6.5769e-12,2.294e-08,5.1927e-39,0,12.8,1.8,0
6.6906e-11,4.0715e-12,2.1966e-08,-1.3906e-39,0,13,1.8,0
7.4951e-11,2.1988e-12,2.0839e-08,3.7239e-40,0,13.2,1.8,0
7.9489e-11,1.2821e-12,1.9614e-08,-9.9723e-41,0,13.4,1.8,0
8.066e-11,1.2517e-12,1.8345e-08,2.6705e-41,0,13.6,1.8,0
7.8849e-11,1.5427e-12,1.7083e-08,-7.1515e-42,0,13.8,1.8,0
7.4254e-11,1.4301e-12,1.587e-08,1.9151e-42,0,14,1.8,0
6.6765e-11,4.927e-13,1.475e-08,-5.1287e-43,0,14.2,1.8,0
5.6332e-11,-1.139e-12,1.377e-08,1.3734e-43,0,14.4,1.8,0
4.3504e-11,-2.8901e-12,1.2975e-08,-3.678e-44,0,14.6,1.8,0
2.9674e-11,-4.0793e-12,1.2395e-08,9.8494e-45,0,14.8,1.8,0
1.6829e-11,-4.2482e-12,1.2032e-08,-2.6376e-45,0,15,1.8,0
6.9223e-12,-3.305e-12,1.1853e-08,7.0634e-46,0,15.2,1.8,0
1.2658e-12,-1.4623e-12,1.1802e-08,-1.8915e-46,0,15.4,1.8,0
1.9723e-13,9.291e-13,1.1804e-08,5.0654e-47,0,15.6,1.8,0
3.2367e-12,3.5464e-12,1.1789e-08,-1.3565e-47,0,15.8,1.8,0
9.3971e-12,6.1637e-12,1.17e-08,3.6326e-48,0,16,1.8,0
1.7639e-11,8.7261e-12,1.1495e-08,-9.728e-49,0,16.2,1.8,0
2.7432e-11,1.1288e-11,1.1148e-08,2.6051e-49,0,16.4,1.8,0
3.8169e-11,1.4148e-11,1.0638e-08,-6.9763e-50,0,16.6,1.8,0
5.0721e-11,1.7879e-11,9.9503e-09,1.8682e-50,0,16.8,1.8,0
6.6088e-11,2.3198e-11,9.0452e-09,-5.0032e-51,0,17,1.8,0
8.2353e-11,3.255e-11,7.8967e-09,1.3404e-51,0,17.2,1.8,0
1.0924e-10,4.742e-11,6.4603e-09,-3.611e-52,0,17.4,1.8,0
1.4496e-10,7.2717e-11,4.507e-09,1.0471e-52,0,17.6,1.8,0
1.223e-10,1.146e-10,2.2996e-09,-5.795e-53,0,17.8,1.8,0
0,1.4012e-10,1.2435e-09,1.2721e-52,0,18,1.8,0
0,0,-0.86452,1,0,0.2,2,0
0,0,-0.8716,1,0,0,2,0
0,0,-0.84213,1,0,0.4,2,0
0,0,-0.80141,0.99998,0,0.6,2,0
0,0,-0.73627,1.0001,0,0.8,2,0
0,0,-0.61216,0.99975,0,1,2,0
0,0,-0.36644,0.00024586,0,1.2,2,0
0,0,-0.24003,-6.5841e-05,0,1.4,2,0
0,0,-0.16999,1.7632e-05,0,1.6,2,0
0,0,-0.12125,-4.7217e-06,0,1.8,2,0
0,0,-0.086878,1.2644e-06,0,2,2,0
0,0,-0.06246,-3.3861e-07,0,2.2,2,0
0,0,-0.044935,9.0678e-08,0,2.4,2,0
0,0,-0.032361,-2.4283e-08,0,2.6,2,0
0,0,-0.023306,6.5028e-09,0,2.8,2,0
0,0,-0.016791,-1.7414e-09,0,3,2,0
0,0,-0.012097,4.6634e-10,0,3.2,2,0
0,0,-0.0087159,-1.2488e-10,0,3.4,2,0
0,0,-0.0062797,3.3443e-11,0,3.6,2,0
0,0,-0.0045247,-8.9557e-12,0,3.8,2,0
0,0,-0.0032601,2.3983e-12,0,4,2,0
0,0,-0.002349,-6.4224e-13,0,4.2,2,0
0,0,-0.0016925,1.7199e-13,0,4.4,2,0
0,0,-0.0012195,-4.6057e-14,0,4.6,2,0
0,0,-0.0008787,1.2334e-14,0,4.8,2,0
0,0,-0.00063313,-3.3029e-15,0,5,2,0
0,0,-0.00045619,8.845e-16,0,5.2,2,0
0,0,-0.0003287,-2.3686e-16,0,5.4,2,0
0,0,-0.00023683,6.343e-17,0,5.6,2,0
0,0,-0.00017064,-1.6986e-17,0,5.8,2,0
0,0,-0.00012295,4.5488e-18,0,6,2,0
0,0,-8.8581e-05,-1.2181e-18,0,6.2,2,0
0,0,-6.3818e-05,3.2621e-19,0,6.4,2,0
0,0,-4.5976e-05,-8.7357e-20,0,6.6,2,0
0,0,-3.3119e-05,2.3394e-20,0,6.8,2,0
0,0,-2.3855e-05,-6.2646e-21,0,7,2,0
0,0,-1.7179e-05,1.6776e-21,0,7.2,2,0
0,0,-1.2369e-05,-4.4926e-22,0,7.4,2,0
0,0,-8.9032e-06,1.2031e-22,0,7.6,2,0
0,0,-6.4056e-06,-3.2218e-23,0,7.8,2,0
0,0,-4.6058e-06,8.6277e-24,0,8,2,0
0,0,-3.309e-06,-2.3104e-24,0,8.2,2,0
0,0,-2.3746e-06,6.1872e-25,0,8.4,2,0
0,0,-1.7012e-06,-1.6569e-25,0,8.6,2,0
0,0,-1.2158e-06,4.4371e-26,0,8.8,2,0
0,0,-8.6603e-07,-1.1882e-26,0,9,2,0
0,0,-6.1404e-07,3.182e-27,0,9.2,2,0
0,0,-4.3259e-07,-8.5211e-28,0,9.4,2,0
0,0,-3.0189e-07,2.2819e-28,0,9.6,2,0
0,0,-2.0766e-07,-6.1107e-29,0,9.8,2,0
0,0,-1.3968e-07,1.6364e-29,0,10,2,0
0,0,-9.067e-08,-4.3822e-30,0,10.2,2,0
0,0,-5.5411e-08,1.1735e-30,0,10.4,2,0
0,0,-3.0128e-08,-3.1426e-31,0,10.6,2,0
0,0,-1.2065e-08,8.4157e-32,0,10.8,2,0
0,0,7.7449e-10,-2.2537e-32,0,11,2,0
0,0,9.8047e-09,6.0352e-33,0,11.2,2,0
0,0,1.601e-08,-1.6162e-33,0,11.4,2,0
0,0,2.0082e-08,4.328e-34,0,11.6,2,0
0,0,2.2542e-08,-1.159e-34,0,11.8,2,0
0,0,2.3818e-08,3.1038e-35,0,12,2,0
0,0,2.4262e-08,-8.3117e-36,0,12.2,2,0
0,0,2.4147e-08,2.2258e-36,0,12.4,2,0
0,0,2.3656e-08,-5.9606e-37,0,12.6,2,0
0,0,2.29e-08,1.5962e-37,0,12.8,2,0
0,0,2.1942e-08,-4.2745e-38,0,13,2,0
0,0,2.083e-08,1.1447e-38,0,13.2,2,0
0,0,1.9614e-08,-3.0654e-39,0,13.4,2,0
0,0,1.8348e-08,8.209e-40,0,13.6,2,0
0,0,1.7085e-08,-2.1983e-40,0,13.8,2,0
0,0,1.5878e-08,5.8869e-41,0,14,2,0
0,0,1.4773e-08,-1.5765e-41,0,14.2,2,0
0,0,1.3816e-08,4.2217e-42,0,14.4,2,0
0,0,1.3044e-08,-1.1305e-42,0,14.6,2,0
0,0,1.2476e-08,3.0275e-43,0,14.8,2,0
0,0,1.2109e-08,-8.1075e-44,0,15,2,0
0,0,1.1911e-08,2.1711e-44,0,15.2,2,0
0,0,1.1828e-08,-5.8142e-45,0,15.4,2,0
0,0,1.1793e-08,1.557e-45,0,15.6,2,0
0,0,1.1742e-08,-4.1695e-46,0,15.8,2,0
0,0,1.1619e-08,1.1166e-46,0,16,2,0
0,0,1.1383e-08,-2.9901e-47,0,16.2,2,0
0,0,1.1006e-08,8.0073e-48,0,16.4,2,0
0,0,1.0464e-08,-2.1443e-48,0,16.6,2,0
0,0,9.7299e-09,5.7423e-49,0,16.8,2,0
0,0,8.7609e-09,-1.5377e-49,0,17,2,0
0,0,7.5005e-09,4.1179e-50,0,17.2,2,0
0,0,5.843e-09,-1.1024e-50,0,17.4,2,0
0,0,3.6137e-09,2.938e-51,0,17.6,2,0
0,0,1.1677e-09,-7.3412e-52,0,17.8,2,0
0,0,0,0,0,18,2,0
