{
  "transformations": [
    {
      "sets": [
        {
          "attributes": [
            {
              "name": "simulationid",
              "type": "NUMERIC"
            },
            {
              "name": "dim",
              "type": "NUMERIC"
            },
            {
              "name": "ncellx",
              "type": "NUMERIC"
            },
            {
              "name": "ncelly",
              "type": "NUMERIC"
            },
            {
              "name": "ncellz",
              "type": "NUMERIC"
            },
            {
              "name": "xmin",
              "type": "NUMERIC"
            },
            {
              "name": "ymin",
              "type": "NUMERIC"
            },
            {
              "name": "zmin",
              "type": "NUMERIC"
            },
            {
              "name": "xmax",
              "type": "NUMERIC"
            },
            {
              "name": "ymax",
              "type": "NUMERIC"
            },
            {
              "name": "zmax",
              "type": "NUMERIC"
            },
            {
              "name": "ref_interval",
              "type": "NUMERIC"
            }
          ],
          "tag": "imeshgeneration",
          "type": "INPUT"
        },
        {
          "attributes": [
            {
              "name": "simulationid",
              "type": "NUMERIC"
            },
            {
              "name": "r_fraction",
              "type": "NUMERIC"
            },
            {
              "name": "c_fraction",
              "type": "NUMERIC"
            },
            {
              "name": "max_h_level",
              "type": "NUMERIC"
            },
            {
              "name": "hlevels",
              "type": "NUMERIC"
            }
          ],
          "tag": "omeshgeneration",
          "type": "OUTPUT"
        }
      ],
      "tag": "meshgeneration",
      "programs": [
        {
          "path": "/Users/vitor/Documents/Repository/Thesis/WorkflowSedimentation/libmesh-sedimentation",
          "name": "libmesh-sedimentation-opt::MeshGeneration"
        }
      ]
    },
    {
      "sets": [
        {
          "dependency": "meshgeneration",
          "tag": "omeshgeneration",
          "type": "INPUT"
        },
        {
          "attributes": [
            {
              "name": "simulationid",
              "type": "NUMERIC"
            },
            {
              "name": "first_step_refinement",
              "type": "TEXT"
            }
          ],
          "tag": "omeshrefinement",
          "type": "OUTPUT"
        }
      ],
      "tag": "meshrefinement",
      "programs": [
        {
          "path": "/Users/vitor/Documents/Repository/Thesis/WorkflowSedimentation/libmesh-sedimentation",
          "name": "libmesh-sedimentation-opt::MeshRefinement"
        }
      ]
    },
    {
      "sets": [
        {
          "dependency": "meshrefinement",
          "tag": "omeshrefinement",
          "type": "INPUT"
        },
        {
          "attributes": [
            {
              "name": "simulationid",
              "type": "NUMERIC"
            },
            {
              "name": "reynolds",
              "type": "NUMERIC"
            },
            {
              "name": "gr",
              "type": "NUMERIC"
            },
            {
              "name": "sc",
              "type": "NUMERIC"
            },
            {
              "name": "us",
              "type": "NUMERIC"
            },
            {
              "name": "diffusivity",
              "type": "NUMERIC"
            },
            {
              "name": "xlock",
              "type": "NUMERIC"
            },
            {
              "name": "alfa",
              "type": "NUMERIC"
            },
            {
              "name": "theta",
              "type": "NUMERIC"
            },
            {
              "name": "ex",
              "type": "NUMERIC"
            },
            {
              "name": "ey",
              "type": "NUMERIC"
            },
            {
              "name": "ez",
              "type": "NUMERIC"
            },
            {
              "name": "c_factor",
              "type": "NUMERIC"
            }
          ],
          "tag": "ocreateequationsystems",
          "type": "OUTPUT"
        }
      ],
      "tag": "createequationsystems",
      "programs": [
        {
          "path": "/Users/vitor/Documents/Repository/Thesis/WorkflowSedimentation/libmesh-sedimentation",
          "name": "libmesh-sedimentation-opt::CreateEquationSystems"
        }
      ]
    },
    {
      "sets": [
        {
          "dependency": "createequationsystems",
          "tag": "ocreateequationsystems",
          "type": "INPUT"
        },
        {
          "attributes": [
            {
              "name": "simulationid",
              "type": "NUMERIC"
            },
            {
              "name": "dt",
              "type": "NUMERIC"
            },
            {
              "name": "tmax",
              "type": "NUMERIC"
            },
            {
              "name": "n_time_steps",
              "type": "NUMERIC"
            },
            {
              "name": "n_nonlinear_steps",
              "type": "NUMERIC"
            },
            {
              "name": "nonlinear_tolerance",
              "type": "NUMERIC"
            },
            {
              "name": "max_linear_iters",
              "type": "NUMERIC"
            },
            {
              "name": "max_r_steps",
              "type": "NUMERIC"
            },
            {
              "name": "write_interval",
              "type": "NUMERIC"
            }
          ],
          "tag": "ogetmaximumiterations",
          "type": "OUTPUT"
        }
      ],
      "tag": "getmaximumiterations",
      "programs": [
        {
          "path": "/Users/vitor/Documents/Repository/Thesis/WorkflowSedimentation/libmesh-sedimentation",
          "name": "libmesh-sedimentation-opt::getMaximumIterations"
        }
      ]
    },
    {
      "sets": [
        {
          "dependency": "getmaximumiterations",
          "tag": "ogetmaximumiterations",
          "type": "INPUT"
        },
        {
          "attributes": [
            {
              "name": "simulationid",
              "type": "NUMERIC"
            },
            {
              "name": "t_step",
              "type": "NUMERIC"
            },
            {
              "name": "time",
              "type": "NUMERIC"
            },
            {
              "name": "r",
              "type": "NUMERIC"
            },
            {
              "name": "l",
              "type": "NUMERIC"
            },
            {
              "name": "n_linear_iterations",
              "type": "NUMERIC"
            },
            {
              "name": "final_linear_residual",
              "type": "NUMERIC"
            },
            {
              "name": "norm_delta",
              "type": "NUMERIC"
            },
            {
              "name": "norm_delta_u",
              "type": "NUMERIC"
            },
            {
              "name": "converged",
              "type": "TEXT"
            }
          ],
          "tag": "osolversimulationfluid",
          "type": "OUTPUT"
        }
      ],
      "tag": "solversimulationfluid",
      "programs": [
        {
          "path": "/Users/vitor/Documents/Repository/Thesis/WorkflowSedimentation/libmesh-sedimentation",
          "name": "libmesh-sedimentation-opt::SolverSimulationFluid"
        }
      ]
    },
    {
      "sets": [
        {
          "dependency": "solversimulationfluid",
          "tag": "osolversimulationfluid",
          "type": "INPUT"
        },
        {
          "attributes": [
            {
              "name": "simulationid",
              "type": "NUMERIC"
            },
            {
              "name": "t_step",
              "type": "NUMERIC"
            },
            {
              "name": "time",
              "type": "NUMERIC"
            },
            {
              "name": "r",
              "type": "NUMERIC"
            },
            {
              "name": "l",
              "type": "NUMERIC"
            },
            {
              "name": "n_linear_iterations",
              "type": "NUMERIC"
            },
            {
              "name": "final_linear_residual",
              "type": "NUMERIC"
            },
            {
              "name": "norm_delta",
              "type": "NUMERIC"
            },
            {
              "name": "norm_delta_u",
              "type": "NUMERIC"
            },
            {
              "name": "converged",
              "type": "TEXT"
            }
          ],
          "tag": "osolversimulationsediments",
          "type": "OUTPUT"
        }
      ],
      "tag": "solversimulationsediments",
      "programs": [
        {
          "path": "/Users/vitor/Documents/Repository/Thesis/WorkflowSedimentation/libmesh-sedimentation",
          "name": "libmesh-sedimentation-opt::SolverSimulationSediments"
        }
      ]
    }
  ],
  "tag": "sedimentation"
}