{"subid":null,"workspace":"\/Users\/vitor\/Documents\/Repository\/Thesis\/WorkflowSedimentation\/sedimentation","dataflow":"sedimentation","sets":[{"elements":["1;2236.07;5000000.00;1.00;0.02;0.00;1.00;1.00;0.50;0.00;0.00;-1.00;1.00"],"tag":"ocreateequationsystems"}],"dependency":{"ids":[{"id":"1"}],"tags":[{"tag":"meshGeneration"}]},"resource":"","id":"1","transformation":"createequationsystems","performances":[{"method":"COMPUTATION","description":"libMeshSedimentation::CreateEquationSystems","startTime":"Wed Jul 13 12:12:55 BRT 2016","endTime":"Wed Jul 13 12:12:55 BRT 2016"}],"status":"FINISHED"}