{"subid":null,"workspace":"\/Users\/vitor\/Documents\/Repository\/Thesis\/WorkflowSedimentation\/sedimentation","dataflow":"sedimentation","sets":[{"elements":["1;2236.07;5000000.00;1.00;0.02;0.00;1.00;1.00;0.50;0.00;0.00;-1.00;1.00"],"tag":"ocreateequationsystems"}],"resource":"","id":"1","transformation":"createequationsystems","performances":[{"method":"COMPUTATION","description":"libMeshSedimentation::CreateEquationSystems","startTime":"Thu Jul 07 10:27:46 BRT 2016","endTime":"Thu Jul 07 10:27:46 BRT 2016"}],"dependencies":[{"tag":"meshGeneration","id":1}],"status":"FINISHED"}