{"subid":"1","workspace":"\/Users\/vitor\/Documents\/Repository\/Thesis\/WorkflowSedimentation\/sedimentation","dataflow":"sedimentation","sets":[{"elements":["1;1;\/Users\/vitor\/Documents\/Repository\/Thesis\/WorkflowSedimentation\/sedimentation\/output_1_00001.xmf;\/Users\/vitor\/Documents\/Repository\/Thesis\/WorkflowSedimentation\/sedimentation\/ext_plane_1.csv"],"tag":"odataextraction"}],"resource":"","files":[{"path":"\/Users\/vitor\/Documents\/Repository\/Thesis\/WorkflowSedimentation\/sedimentation","name":"output_1_00001.xmf"},{"path":"\/Users\/vitor\/Documents\/Repository\/Thesis\/WorkflowSedimentation\/sedimentation","name":"ext_plane_1.csv"}],"id":"1","transformation":"dataextraction","performances":[{"method":"COMPUTATION","description":"libMeshSedimentation::dataExtraction-1","endTime":"Thu Jul 07 10:28:18 BRT 2016"}],"dependencies":[{"tag":"meshWriter","id":1}],"status":"FINISHED"}