{"subid":"2","workspace":"\/Users\/vitor\/Documents\/Repository\/Thesis\/WorkflowSedimentation\/sedimentation","dataflow":"sedimentation","sets":[{"elements":["1;2;\/Users\/vitor\/Documents\/Repository\/Thesis\/WorkflowSedimentation\/sedimentation\/output_1_00002.xmf;\/Users\/vitor\/Documents\/Repository\/Thesis\/WorkflowSedimentation\/sedimentation\/ext_plane_2.csv"],"tag":"odataextraction"}],"dependency":{"ids":[{"id":"2"}],"tags":[{"tag":"meshWriter"}]},"resource":"","files":[{"path":"\/Users\/vitor\/Documents\/Repository\/Thesis\/WorkflowSedimentation\/sedimentation","name":"output_1_00002.xmf"},{"path":"\/Users\/vitor\/Documents\/Repository\/Thesis\/WorkflowSedimentation\/sedimentation","name":"ext_plane_2.csv"}],"id":"2","transformation":"dataextraction","performances":[{"method":"COMPUTATION","description":"libMeshSedimentation::dataExtraction-1","endTime":"Wed Jul 13 12:13:40 BRT 2016"}],"status":"FINISHED"}