{"subid":"5","workspace":"\/Users\/vitor\/Documents\/Repository\/Thesis\/WorkflowSedimentation\/sedimentation","dataflow":"sedimentation","sets":[{"elements":["1;3;\/Users\/vitor\/Documents\/Repository\/Thesis\/WorkflowSedimentation\/sedimentation\/output_1_00005.xmf;\/Users\/vitor\/Documents\/Repository\/Thesis\/WorkflowSedimentation\/sedimentation\/ext_plane_3.csv"],"tag":"odataextraction"}],"resource":"","files":[{"path":"\/Users\/vitor\/Documents\/Repository\/Thesis\/WorkflowSedimentation\/sedimentation","name":"output_1_00005.xmf"},{"path":"\/Users\/vitor\/Documents\/Repository\/Thesis\/WorkflowSedimentation\/sedimentation","name":"ext_plane_3.csv"}],"id":"1","transformation":"dataextraction","performances":[{"method":"COMPUTATION","description":"libMeshSedimentation::dataExtraction-1","endTime":"Thu Jul 07 10:29:58 BRT 2016"}],"dependencies":[{"tag":"meshWriter","id":1}],"status":"FINISHED"}