{"subid":null,"workspace":"\/Users\/vitor\/Documents\/Repository\/Thesis\/WorkflowSedimentation\/sedimentation","dataflow":"sedimentation","sets":[{"elements":["1;0.01;0.02;500000;10;0.00;200;1;1;\/Users\/vitor\/Documents\/Repository\/Thesis\/WorkflowSedimentation\/sedimentation\/output_1_00000.xmf"],"tag":"ogetmaximumiterations"}],"dependency":{"ids":[{"id":"1"}],"tags":[{"tag":"createEquationSystems"}]},"resource":"","files":[{"path":"\/Users\/vitor\/Documents\/Repository\/Thesis\/WorkflowSedimentation\/sedimentation","name":"output_1_00000.xmf"}],"id":"1","transformation":"getmaximumiterations","performances":[{"method":"COMPUTATION","description":"libMeshSedimentation::GetMaximumIterations","startTime":"Wed Jul 13 12:12:56 BRT 2016","endTime":"Wed Jul 13 12:12:56 BRT 2016"}],"status":"FINISHED"}