{"subid":null,"workspace":"\/Users\/vitor\/Documents\/Repository\/Thesis\/WorkflowSedimentation\/sedimentation","dataflow":"sedimentation","sets":[{"elements":["1;0.01;0.05;500000;10;0.00;200;3;1;\/Users\/vitor\/Documents\/Repository\/Thesis\/WorkflowSedimentation\/sedimentation\/output_1_00000.xmf"],"tag":"ogetmaximumiterations"}],"resource":"","files":[{"path":"\/Users\/vitor\/Documents\/Repository\/Thesis\/WorkflowSedimentation\/sedimentation","name":"output_1_00000.xmf"}],"id":"1","transformation":"getmaximumiterations","performances":[{"method":"COMPUTATION","description":"libMeshSedimentation::GetMaximumIterations","startTime":"Thu Jul 07 10:27:47 BRT 2016","endTime":"Thu Jul 07 10:27:48 BRT 2016"}],"dependencies":[{"tag":"createEquationSystems","id":1}],"status":"FINISHED"}