{"subid":null,"workspace":"\/Users\/vitor\/Documents\/Repository\/Thesis\/WorkflowSedimentation\/sedimentation","dataflow":"sedimentation","sets":[{"elements":["1;0;\/Users\/vitor\/Documents\/Repository\/Thesis\/WorkflowSedimentation\/sedimentation\/output_1_00000.xmf;\/Users\/vitor\/Documents\/Repository\/Thesis\/WorkflowSedimentation\/sedimentation\/ext_plane_0.csv"],"tag":"oinitdataextraction"}],"dependency":{"ids":[{"id":"1"}],"tags":[{"tag":"getMaximumIterations"}]},"resource":"","files":[{"path":"\/Users\/vitor\/Documents\/Repository\/Thesis\/WorkflowSedimentation\/sedimentation","name":"output_1_00000.xmf"},{"path":"\/Users\/vitor\/Documents\/Repository\/Thesis\/WorkflowSedimentation\/sedimentation","name":"ext_plane_0.csv"}],"id":"1","transformation":"initdataextraction","performances":[{"method":"COMPUTATION","description":"libMeshSedimentation::initDataExtraction-1","endTime":"Wed Jul 13 12:13:00 BRT 2016"}],"status":"FINISHED"}