{"subid":"6","workspace":"\/Users\/vitor\/Documents\/Repository\/Thesis\/WorkflowSedimentation\/sedimentation","dataflow":"sedimentation","sets":[{"elements":["1;2;\/Users\/vitor\/Documents\/Repository\/Thesis\/WorkflowSedimentation\/sedimentation\/output_1_00006.xmf"],"tag":"omeshwriter"}],"resource":"","files":[{"path":"\/Users\/vitor\/Documents\/Repository\/Thesis\/WorkflowSedimentation\/sedimentation","name":"output_1_00006.xmf"}],"id":"1","transformation":"meshwriter","performances":[{"method":"COMPUTATION","description":"libMeshSedimentation::MeshWriter-1-6","endTime":"Thu Jul 07 10:30:20 BRT 2016"}],"dependencies":[{"tag":"solverSimulationSediments","id":1}],"status":"FINISHED"}