{"subid":"1","workspace":"\/Users\/vitor\/Documents\/Repository\/Thesis\/WorkflowSedimentation\/sedimentation","dataflow":"sedimentation","sets":[{"elements":["1;true;0;3600;3780"],"tag":"omeshrefinement"}],"resource":"","id":"1","transformation":"meshrefinement","performances":[{"method":"COMPUTATION","description":"libMeshSedimentation::MeshRefinement-1-1","startTime":"Thu Jul 07 10:28:15 BRT 2016","endTime":"Thu Jul 07 10:28:15 BRT 2016"}],"dependencies":[{"tag":"solverSimulationSediments","id":1}],"status":"FINISHED"}