{"subid":"8","workspace":"\/Users\/vitor\/Documents\/Repository\/Thesis\/WorkflowSedimentation\/sedimentation","dataflow":"sedimentation","sets":[{"elements":["1;4;\/Users\/vitor\/Documents\/Repository\/Thesis\/WorkflowSedimentation\/sedimentation\/output_1_00008.xmf"],"tag":"omeshwriter"}],"resource":"","files":[{"path":"\/Users\/vitor\/Documents\/Repository\/Thesis\/WorkflowSedimentation\/sedimentation","name":"output_1_00008.xmf"}],"id":"1","transformation":"meshwriter","performances":[{"method":"COMPUTATION","description":"libMeshSedimentation::MeshWriter-1-8","endTime":"Thu Jul 07 10:31:07 BRT 2016"}],"dependencies":[{"tag":"solverSimulationSediments","id":1}],"status":"FINISHED"}