{"subid":"2","workspace":"\/Users\/vitor\/Documents\/Repository\/Thesis\/WorkflowSedimentation\/sedimentation","dataflow":"sedimentation","sets":[{"elements":["1;false;2;3780;4260"],"tag":"omeshrefinement"}],"resource":"","id":"1","transformation":"meshrefinement","performances":[{"method":"COMPUTATION","description":"libMeshSedimentation::MeshRefinement-1-2","startTime":"Thu Jul 07 10:29:25 BRT 2016","endTime":"Thu Jul 07 10:29:25 BRT 2016"}],"dependencies":[{"tag":"solverSimulationSediments","id":1}],"status":"FINISHED"}