{"subid":null,"workspace":"\/Users\/vitor\/Documents\/Repository\/Thesis\/WorkflowSedimentation\/sedimentation","dataflow":"sedimentation","sets":[{"elements":["1;2;180;20;20;0.00;0.00;0.00;18.00;2.00;2.00;3"],"tag":"imeshgeneration"},{"elements":["1;0.85;0.05;3.00;0"],"tag":"omeshgeneration"}],"dependency":{},"resource":"","id":"1","transformation":"meshgeneration","performances":[{"method":"COMPUTATION","description":"libMeshSedimentation::MeshGeneration","startTime":"Wed Jul 13 12:12:54 BRT 2016","endTime":"Wed Jul 13 12:12:54 BRT 2016"}],"status":"FINISHED"}