{
  "subid": "1",
  "workspace": "/Users/vitor/Documents/Repository/Thesis/WorkflowSedimentation/sedimentation",
  "dataflow": "sedimentation",
  "resource": "",
  "id": "1",
  "transformation": "meshwriter",
  "performances": [
    {
      "method": "COMPUTATION",
      "description": "libMeshSedimentation::MeshWriter-1-1",
      "startTime": "Thu Jul 07 10:28:16 BRT 2016"
    }
  ],
  "dependencies": [
    {
      "tag": "solverSimulationSediments",
      "id": 1
    }
  ],
  "status": "RUNNING"
}