{
  "subid": null,
  "workspace": "/Users/vitor/Documents/Repository/Thesis/WorkflowSedimentation/sedimentation",
  "dataflow": "sedimentation",
  "sets": [
    {
      "elements": [
        "1;/Users/vitor/Documents/Repository/Thesis/WorkflowSedimentation/sedimentation/out_1.xmf;1"
      ],
      "tag": "omeshaggregator"
    }
  ],
  "dependency": {
    "ids": [
      {
        "id": "1"
      },
      {
        "id": "2"
      }
    ],
    "tags": [
      {
        "tag": "meshWriter"
      }
    ]
  },
  "resource": "",
  "files": [
    {
      "path": "/Users/vitor/Documents/Repository/Thesis/WorkflowSedimentation/sedimentation",
      "name": "out_1.xmf"
    }
  ],
  "id": "1",
  "transformation": "meshaggregator",
  "performances": [
    {
      "method": "COMPUTATION",
      "description": "libMeshSedimentation::MeshAggregator-1",
      "startTime": "Wed Jul 13 12:13:41 BRT 2016",
      "endTime": "Wed Jul 13 12:13:41 BRT 2016"
    }
  ],
  "status": "FINISHED"
}