{"subid":null,"workspace":"\/Users\/vitor\/Documents\/Repository\/Thesis\/WorkflowSedimentation\/sedimentation","dataflow":"sedimentation","sets":[{"elements":["1;\/Users\/vitor\/Documents\/Repository\/Thesis\/WorkflowSedimentation\/sedimentation\/out_1.xmf;1"],"tag":"omeshaggregator"}],"resource":"","files":[{"path":"\/Users\/vitor\/Documents\/Repository\/Thesis\/WorkflowSedimentation\/sedimentation","name":"out_1.xmf"}],"id":"1","transformation":"meshaggregator","performances":[{"method":"COMPUTATION","description":"libMeshSedimentation::MeshAggregator-1","startTime":"Thu Jul 07 10:31:10 BRT 2016","endTime":"Thu Jul 07 10:31:11 BRT 2016"}],"dependencies":[{"tag":"meshWriter","id":1}],"status":"FINISHED"}