{"subid":"1","workspace":"\/Users\/vitor\/Documents\/Repository\/Thesis\/WorkflowSedimentation\/sedimentation","dataflow":"sedimentation","sets":[{"elements":["1;true;0;3600;3780"],"tag":"omeshrefinement"}],"dependency":{"ids":[{"id":"1"}],"tags":[{"tag":"solverSimulationSediments"}]},"resource":"","id":"1","transformation":"meshrefinement","performances":[{"method":"COMPUTATION","description":"libMeshSedimentation::MeshRefinement-1-1","startTime":"Wed Jul 13 12:13:19 BRT 2016","endTime":"Wed Jul 13 12:13:20 BRT 2016"}],"status":"FINISHED"}