{"subid":"2","workspace":"\/Users\/vitor\/Documents\/Repository\/Thesis\/WorkflowSedimentation\/sedimentation","dataflow":"sedimentation","sets":[{"elements":["1;1;\/Users\/vitor\/Documents\/Repository\/Thesis\/WorkflowSedimentation\/sedimentation\/output_1_00002.xmf"],"tag":"omeshwriter"}],"dependency":{"ids":[{"id":"2"}],"tags":[{"tag":"solverSimulationSediments"}]},"resource":"","files":[{"path":"\/Users\/vitor\/Documents\/Repository\/Thesis\/WorkflowSedimentation\/sedimentation","name":"output_1_00002.xmf"}],"id":"2","transformation":"meshwriter","performances":[{"method":"COMPUTATION","description":"libMeshSedimentation::MeshWriter-1-2","endTime":"Wed Jul 13 12:13:38 BRT 2016"}],"status":"FINISHED"}