{
  "subid": "1",
  "workspace": "/Users/vitor/Documents/Repository/Thesis/WorkflowSedimentation/sedimentation",
  "dataflow": "sedimentation",
  "sets": [
    {
      "elements": [
        "1;0;/Users/vitor/Documents/Repository/Thesis/WorkflowSedimentation/sedimentation/output_1_00001.xmf"
      ],
      "tag": "omeshwriter"
    }
  ],
  "resource": "",
  "files": [
    {
      "path": "/Users/vitor/Documents/Repository/Thesis/WorkflowSedimentation/sedimentation",
      "name": "output_1_00001.xmf"
    }
  ],
  "id": "1",
  "transformation": "meshwriter",
  "performances": [
    {
      "method": "COMPUTATION",
      "description": "libMeshSedimentation::MeshWriter-1-1",
      "endTime": "Thu Jul 07 10:28:16 BRT 2016"
    }
  ],
  "dependencies": [
    {
      "tag": "solverSimulationSediments",
      "id": 1
    }
  ],
  "status": "FINISHED"
}