{"subid":"11","workspace":"\/Users\/vitor\/Documents\/Repository\/Thesis\/WorkflowSedimentation\/sedimentation","dataflow":"sedimentation","sets":[{"elements":["1;0;0.01;1;3;200;0.00;0.00;0.00;false"],"tag":"osolversimulationfluid"}],"resource":"","id":"1","transformation":"solversimulationfluid","performances":[{"method":"COMPUTATION","description":"libMeshSedimentation::SolverSimulationFluid-1-11","endTime":"Thu Jul 07 10:28:29 BRT 2016"}],"dependencies":[{"tag":"getMaximumIterations","id":1}],"status":"FINISHED"}