{"subid":"4","workspace":"\/Users\/vitor\/Documents\/Repository\/Thesis\/WorkflowSedimentation\/sedimentation","dataflow":"sedimentation","sets":[{"elements":["1;1;0.02;0;1;4;0.00;0.00;0.00;false"],"tag":"osolversimulationsediments"}],"dependency":{"ids":[{"id":"2"}],"tags":[{"tag":"solverSimulationFluid"}]},"resource":"","id":"2","transformation":"solversimulationsediments","performances":[{"method":"COMPUTATION","description":"libMeshSedimentation::SolverSimulationSediments-1-4","endTime":"Wed Jul 13 12:13:35 BRT 2016"}],"status":"FINISHED"}