{"subid":"17","workspace":"\/Users\/vitor\/Documents\/Repository\/Thesis\/WorkflowSedimentation\/sedimentation","dataflow":"sedimentation","sets":[{"elements":["1;3;0.04;0;0;3;0.00;0.10;0.00;false"],"tag":"osolversimulationsediments"}],"resource":"","id":"1","transformation":"solversimulationsediments","performances":[{"method":"COMPUTATION","description":"libMeshSedimentation::SolverSimulationSediments-1-17","endTime":"Thu Jul 07 10:30:41 BRT 2016"}],"dependencies":[{"tag":"solverSimulationFluid","id":1}],"status":"FINISHED"}