{"subid":"3","workspace":"\/Users\/vitor\/Documents\/Repository\/Thesis\/WorkflowSedimentation\/sedimentation","dataflow":"sedimentation","sets":[{"elements":["1;1;0.02;0;0;2;0.00;0.02;0.00;false"],"tag":"osolversimulationsediments"}],"dependency":{"ids":[{"id":"2"}],"tags":[{"tag":"solverSimulationFluid"}]},"resource":"","id":"2","transformation":"solversimulationsediments","performances":[{"method":"COMPUTATION","description":"libMeshSedimentation::SolverSimulationSediments-1-3","endTime":"Wed Jul 13 12:13:34 BRT 2016"}],"status":"FINISHED"}