{"subid":"2","workspace":"\/Users\/vitor\/Documents\/Repository\/Thesis\/WorkflowSedimentation\/sedimentation","dataflow":"sedimentation","sets":[{"elements":["1;0;0.01;0;1;4;0.00;0.00;0.00;true"],"tag":"osolversimulationsediments"}],"dependency":{"ids":[{"id":"1"}],"tags":[{"tag":"solverSimulationFluid"}]},"resource":"","id":"1","transformation":"solversimulationsediments","performances":[{"method":"COMPUTATION","description":"libMeshSedimentation::SolverSimulationSediments-1-2","endTime":"Wed Jul 13 12:13:17 BRT 2016"}],"status":"FINISHED"}