{"subid":"3","workspace":"\/Users\/vitor\/Documents\/Repository\/Thesis\/WorkflowSedimentation\/sedimentation","dataflow":"sedimentation","sets":[{"elements":["1;0;0.01;1;0;3;0.00;0.01;0.00;false"],"tag":"osolversimulationsediments"}],"resource":"","id":"1","transformation":"solversimulationsediments","performances":[{"method":"COMPUTATION","description":"libMeshSedimentation::SolverSimulationSediments-1-3","endTime":"Thu Jul 07 10:28:35 BRT 2016"}],"dependencies":[{"tag":"solverSimulationFluid","id":1}],"status":"FINISHED"}