{"subid":"2","workspace":"\/Users\/vitor\/Documents\/Repository\/Thesis\/WorkflowSedimentation\/sedimentation","dataflow":"sedimentation","sets":[{"elements":["1;0;0.01;0;1;4;0.00;0.00;0.00;true"],"tag":"osolversimulationsediments"}],"resource":"","id":"1","transformation":"solversimulationsediments","performances":[{"method":"COMPUTATION","description":"libMeshSedimentation::SolverSimulationSediments-1-2","endTime":"Thu Jul 07 10:28:12 BRT 2016"}],"dependencies":[{"tag":"solverSimulationFluid","id":1}],"status":"FINISHED"}