{"subid":"1","workspace":"\/Users\/vitor\/Documents\/Repository\/Thesis\/WorkflowSedimentation\/sedimentation","dataflow":"sedimentation","sets":[{"elements":["1;0;0.01;0;0;1;0.00;0.01;0.00;false"],"tag":"osolversimulationsediments"}],"dependency":{"ids":[{"id":"1"}],"tags":[{"tag":"solverSimulationFluid"}]},"resource":"","id":"1","transformation":"solversimulationsediments","performances":[{"method":"COMPUTATION","description":"libMeshSedimentation::SolverSimulationSediments-1-1","endTime":"Wed Jul 13 12:13:15 BRT 2016"}],"status":"FINISHED"}