{"subid":"10","workspace":"\/Users\/vitor\/Documents\/Repository\/Thesis\/WorkflowSedimentation\/sedimentation","dataflow":"sedimentation","sets":[{"elements":["1;1;0.02;0;2;200;0.00;0.00;0.00;false"],"tag":"osolversimulationfluid"}],"dependency":{"ids":[{"id":"1"}],"tags":[{"tag":"getMaximumIterations"}]},"resource":"","id":"2","transformation":"solversimulationfluid","performances":[{"method":"COMPUTATION","description":"libMeshSedimentation::SolverSimulationFluid-1-10","endTime":"Wed Jul 13 12:13:29 BRT 2016"}],"status":"FINISHED"}