{"subid":"7","workspace":"\/Users\/vitor\/Documents\/Repository\/Thesis\/WorkflowSedimentation\/sedimentation","dataflow":"sedimentation","sets":[{"elements":["1;1;0.02;0;2;10;0.00;0.00;0.00;true"],"tag":"osolversimulationsediments"}],"resource":"","id":"1","transformation":"solversimulationsediments","performances":[{"method":"COMPUTATION","description":"libMeshSedimentation::SolverSimulationSediments-1-7","endTime":"Thu Jul 07 10:29:02 BRT 2016"}],"dependencies":[{"tag":"solverSimulationFluid","id":1}],"status":"FINISHED"}