{"subid":"5","workspace":"\/Users\/vitor\/Documents\/Repository\/Thesis\/WorkflowSedimentation\/sedimentation","dataflow":"sedimentation","sets":[{"elements":["1;1;0.02;0;2;10;0.00;0.00;0.00;true"],"tag":"osolversimulationsediments"}],"dependency":{"ids":[{"id":"2"}],"tags":[{"tag":"solverSimulationFluid"}]},"resource":"","id":"2","transformation":"solversimulationsediments","performances":[{"method":"COMPUTATION","description":"libMeshSedimentation::SolverSimulationSediments-1-5","endTime":"Wed Jul 13 12:13:37 BRT 2016"}],"status":"FINISHED"}