{"subid":"7","workspace":"\/Users\/vitor\/Documents\/Repository\/Thesis\/WorkflowSedimentation\/sedimentation","dataflow":"sedimentation","sets":[{"elements":["1;0;0.01;0;6;200;0.00;0.00;0.00;true"],"tag":"osolversimulationfluid"}],"dependency":{"ids":[{"id":"1"}],"tags":[{"tag":"getMaximumIterations"}]},"resource":"","id":"1","transformation":"solversimulationfluid","performances":[{"method":"COMPUTATION","description":"libMeshSedimentation::SolverSimulationFluid-1-7","endTime":"Wed Jul 13 12:13:14 BRT 2016"}],"status":"FINISHED"}