{"subid":"3","workspace":"\/Users\/vitor\/Documents\/Repository\/Thesis\/WorkflowSedimentation\/sedimentation","dataflow":"sedimentation","sets":[{"elements":["1;0;0.01;0;2;200;0.00;0.02;0.00;false"],"tag":"osolversimulationfluid"}],"resource":"","id":"1","transformation":"solversimulationfluid","performances":[{"method":"COMPUTATION","description":"libMeshSedimentation::SolverSimulationFluid-1-3","endTime":"Thu Jul 07 10:27:57 BRT 2016"}],"dependencies":[{"tag":"getMaximumIterations","id":1}],"status":"FINISHED"}