{"subid":"2","workspace":"\/Users\/vitor\/Documents\/Repository\/Thesis\/WorkflowSedimentation\/sedimentation","dataflow":"sedimentation","sets":[{"elements":["1;0;0.01;0;1;200;0.00;0.04;0.00;false"],"tag":"osolversimulationfluid"}],"resource":"","id":"1","transformation":"solversimulationfluid","performances":[{"method":"COMPUTATION","description":"libMeshSedimentation::SolverSimulationFluid-1-2","endTime":"Thu Jul 07 10:27:55 BRT 2016"}],"dependencies":[{"tag":"getMaximumIterations","id":1}],"status":"FINISHED"}