"u","v","w","p","s","d","r","vtkValidPointMask","arc_length","Points:0","Points:1","Points:2"
0,0,0,0,1,0,0,1,0,0,1,0
0,0,0,0,1,0,0,1,0.018,0.018,1,0
0,0,0,0,1,0,0,1,0.036,0.036,1,0
0,0,0,0,1,0,0,1,0.054,0.054,1,0
0,0,0,0,1,0,0,1,0.072,0.072,1,0
0,0,0,0,1,0,0,1,0.09,0.09,1,0
0,0,0,0,1,0,0,1,0.108,0.108,1,0
0,0,0,0,1,0,0,1,0.126,0.126,1,0
0,0,0,0,1,0,0,1,0.144,0.144,1,0
0,0,0,0,1,0,0,1,0.162,0.162,1,0
0,0,0,0,1,0,0,1,0.18,0.18,1,0
0,0,0,0,1,0,0,1,0.198,0.198,1,0
0,0,0,0,1,0,0,1,0.216,0.216,1,0
0,0,0,0,1,0,0,1,0.234,0.234,1,0
0,0,0,0,1,0,0,1,0.252,0.252,1,0
0,0,0,0,1,0,0,1,0.27,0.27,1,0
0,0,0,0,1,0,0,1,0.288,0.288,1,0
0,0,0,0,1,0,0,1,0.306,0.306,1,0
0,0,0,0,1,0,0,1,0.324,0.324,1,0
0,0,0,0,1,0,0,1,0.342,0.342,1,0
0,0,0,0,1,0,0,1,0.36,0.36,1,0
0,0,0,0,1,0,0,1,0.378,0.378,1,0
0,0,0,0,1,0,0,1,0.396,0.396,1,0
0,0,0,0,1,0,0,1,0.414,0.414,1,0
0,0,0,0,1,0,0,1,0.432,0.432,1,0
0,0,0,0,1,0,0,1,0.45,0.45,1,0
0,0,0,0,1,0,0,1,0.468,0.468,1,0
0,0,0,0,1,0,0,1,0.486,0.486,1,0
0,0,0,0,1,0,0,1,0.504,0.504,1,0
0,0,0,0,1,0,0,1,0.522,0.522,1,0
0,0,0,0,1,0,0,1,0.54,0.54,1,0
0,0,0,0,1,0,0,1,0.558,0.558,1,0
0,0,0,0,1,0,0,1,0.576,0.576,1,0
0,0,0,0,1,0,0,1,0.594,0.594,1,0
0,0,0,0,1,0,0,1,0.612,0.612,1,0
0,0,0,0,1,0,0,1,0.63,0.63,1,0
0,0,0,0,1,0,0,1,0.648,0.648,1,0
0,0,0,0,1,0,0,1,0.666,0.666,1,0
0,0,0,0,1,0,0,1,0.684,0.684,1,0
0,0,0,0,1,0,0,1,0.702,0.702,1,0
0,0,0,0,1,0,0,1,0.72,0.72,1,0
0,0,0,0,1,0,0,1,0.738,0.738,1,0
0,0,0,0,1,0,0,1,0.756,0.756,1,0
0,0,0,0,1,0,0,1,0.774,0.774,1,0
0,0,0,0,1,0,0,1,0.792,0.792,1,0
0,0,0,0,1,0,0,1,0.81,0.81,1,0
0,0,0,0,1,0,0,1,0.828,0.828,1,0
0,0,0,0,1,0,0,1,0.846,0.846,1,0
0,0,0,0,1,0,0,1,0.864,0.864,1,0
0,0,0,0,1,0,0,1,0.882,0.882,1,0
0,0,0,0,1,0,0,1,0.9,0.9,1,0
0,0,0,0,1,0,0,1,0.918,0.918,1,0
0,0,0,0,1,0,0,1,0.936,0.936,1,0
0,0,0,0,1,0,0,1,0.954,0.954,1,0
0,0,0,0,1,0,0,1,0.972,0.972,1,0
0,0,0,0,1,0,0,1,0.99,0.99,1,0
0,0,0,0,0.97918,0,0,1,1.008,1.008,1,0
0,0,0,0,0.93233,0,0,1,1.026,1.026,1,0
0,0,0,0,0.88548,0,0,1,1.044,1.044,1,0
0,0,0,0,0.83863,0,0,1,1.062,1.062,1,0
0,0,0,0,0.79178,0,0,1,1.08,1.08,1,0
0,0,0,0,0.74493,0,0,1,1.098,1.098,1,0
0,0,0,0,0.69808,0,0,1,1.116,1.116,1,0
0,0,0,0,0.65123,0,0,1,1.134,1.134,1,0
0,0,0,0,0.60437,0,0,1,1.152,1.152,1,0
0,0,0,0,0.55752,0,0,1,1.17,1.17,1,0
0,0,0,0,0.51067,0,0,1,1.188,1.188,1,0
0,0,0,0,0.46382,0,0,1,1.206,1.206,1,0
0,0,0,0,0.41697,0,0,1,1.224,1.224,1,0
0,0,0,0,0.37012,0,0,1,1.242,1.242,1,0
0,0,0,0,0.32327,0,0,1,1.26,1.26,1,0
0,0,0,0,0.27642,0,0,1,1.278,1.278,1,0
0,0,0,0,0.22957,0,0,1,1.296,1.296,1,0
0,0,0,0,0.18272,0,0,1,1.314,1.314,1,0
0,0,0,0,0.13587,0,0,1,1.332,1.332,1,0
0,0,0,0,0.08902,0,0,1,1.35,1.35,1,0
0,0,0,0,0.04217,0,0,1,1.368,1.368,1,0
0,0,0,0,0,0,0,1,1.386,1.386,1,0
0,0,0,0,0,0,0,1,1.404,1.404,1,0
0,0,0,0,0,0,0,1,1.422,1.422,1,0
0,0,0,0,0,0,0,1,1.44,1.44,1,0
0,0,0,0,0,0,0,1,1.458,1.458,1,0
0,0,0,0,0,0,0,1,1.476,1.476,1,0
0,0,0,0,0,0,0,1,1.494,1.494,1,0
0,0,0,0,0,0,0,1,1.512,1.512,1,0
0,0,0,0,0,0,0,1,1.53,1.53,1,0
0,0,0,0,0,0,0,1,1.548,1.548,1,0
0,0,0,0,0,0,0,1,1.566,1.566,1,0
0,0,0,0,0,0,0,1,1.584,1.584,1,0
0,0,0,0,0,0,0,1,1.602,1.602,1,0
0,0,0,0,0,0,0,1,1.62,1.62,1,0
0,0,0,0,0,0,0,1,1.638,1.638,1,0
0,0,0,0,0,0,0,1,1.656,1.656,1,0
0,0,0,0,0,0,0,1,1.674,1.674,1,0
0,0,0,0,0,0,0,1,1.692,1.692,1,0
0,0,0,0,0,0,0,1,1.71,1.71,1,0
0,0,0,0,0,0,0,1,1.728,1.728,1,0
0,0,0,0,0,0,0,1,1.746,1.746,1,0
0,0,0,0,0,0,0,1,1.764,1.764,1,0
0,0,0,0,0,0,0,1,1.782,1.782,1,0
0,0,0,0,0,0,0,1,1.8,1.8,1,0
0,0,0,0,0,0,0,1,1.818,1.818,1,0
0,0,0,0,0,0,0,1,1.836,1.836,1,0
0,0,0,0,0,0,0,1,1.854,1.854,1,0
0,0,0,0,0,0,0,1,1.872,1.872,1,0
0,0,0,0,0,0,0,1,1.89,1.89,1,0
0,0,0,0,0,0,0,1,1.908,1.908,1,0
0,0,0,0,0,0,0,1,1.926,1.926,1,0
0,0,0,0,0,0,0,1,1.944,1.944,1,0
0,0,0,0,0,0,0,1,1.962,1.962,1,0
0,0,0,0,0,0,0,1,1.98,1.98,1,0
0,0,0,0,0,0,0,1,1.998,1.998,1,0
0,0,0,0,0,0,0,1,2.016,2.016,1,0
0,0,0,0,0,0,0,1,2.034,2.034,1,0
0,0,0,0,0,0,0,1,2.052,2.052,1,0
0,0,0,0,0,0,0,1,2.07,2.07,1,0
0,0,0,0,0,0,0,1,2.088,2.088,1,0
0,0,0,0,0,0,0,1,2.106,2.106,1,0
0,0,0,0,0,0,0,1,2.124,2.124,1,0
0,0,0,0,0,0,0,1,2.142,2.142,1,0
0,0,0,0,0,0,0,1,2.16,2.16,1,0
0,0,0,0,0,0,0,1,2.178,2.178,1,0
0,0,0,0,0,0,0,1,2.196,2.196,1,0
0,0,0,0,0,0,0,1,2.214,2.214,1,0
0,0,0,0,0,0,0,1,2.232,2.232,1,0
0,0,0,0,0,0,0,1,2.25,2.25,1,0
0,0,0,0,0,0,0,1,2.268,2.268,1,0
0,0,0,0,0,0,0,1,2.286,2.286,1,0
0,0,0,0,0,0,0,1,2.304,2.304,1,0
0,0,0,0,0,0,0,1,2.322,2.322,1,0
0,0,0,0,0,0,0,1,2.34,2.34,1,0
0,0,0,0,0,0,0,1,2.358,2.358,1,0
0,0,0,0,0,0,0,1,2.376,2.376,1,0
0,0,0,0,0,0,0,1,2.394,2.394,1,0
0,0,0,0,0,0,0,1,2.412,2.412,1,0
0,0,0,0,0,0,0,1,2.43,2.43,1,0
0,0,0,0,0,0,0,1,2.448,2.448,1,0
0,0,0,0,0,0,0,1,2.466,2.466,1,0
0,0,0,0,0,0,0,1,2.484,2.484,1,0
0,0,0,0,0,0,0,1,2.502,2.502,1,0
0,0,0,0,0,0,0,1,2.52,2.52,1,0
0,0,0,0,0,0,0,1,2.538,2.538,1,0
0,0,0,0,0,0,0,1,2.556,2.556,1,0
0,0,0,0,0,0,0,1,2.574,2.574,1,0
0,0,0,0,0,0,0,1,2.592,2.592,1,0
0,0,0,0,0,0,0,1,2.61,2.61,1,0
0,0,0,0,0,0,0,1,2.628,2.628,1,0
0,0,0,0,0,0,0,1,2.646,2.646,1,0
0,0,0,0,0,0,0,1,2.664,2.664,1,0
0,0,0,0,0,0,0,1,2.682,2.682,1,0
0,0,0,0,0,0,0,1,2.7,2.7,1,0
0,0,0,0,0,0,0,1,2.718,2.718,1,0
0,0,0,0,0,0,0,1,2.736,2.736,1,0
0,0,0,0,0,0,0,1,2.754,2.754,1,0
0,0,0,0,0,0,0,1,2.772,2.772,1,0
0,0,0,0,0,0,0,1,2.79,2.79,1,0
0,0,0,0,0,0,0,1,2.808,2.808,1,0
0,0,0,0,0,0,0,1,2.826,2.826,1,0
0,0,0,0,0,0,0,1,2.844,2.844,1,0
0,0,0,0,0,0,0,1,2.862,2.862,1,0
0,0,0,0,0,0,0,1,2.88,2.88,1,0
0,0,0,0,0,0,0,1,2.898,2.898,1,0
0,0,0,0,0,0,0,1,2.916,2.916,1,0
0,0,0,0,0,0,0,1,2.934,2.934,1,0
0,0,0,0,0,0,0,1,2.952,2.952,1,0
0,0,0,0,0,0,0,1,2.97,2.97,1,0
0,0,0,0,0,0,0,1,2.988,2.988,1,0
0,0,0,0,0,0,0,1,3.006,3.006,1,0
0,0,0,0,0,0,0,1,3.024,3.024,1,0
0,0,0,0,0,0,0,1,3.042,3.042,1,0
0,0,0,0,0,0,0,1,3.06,3.06,1,0
0,0,0,0,0,0,0,1,3.078,3.078,1,0
0,0,0,0,0,0,0,1,3.096,3.096,1,0
0,0,0,0,0,0,0,1,3.114,3.114,1,0
0,0,0,0,0,0,0,1,3.132,3.132,1,0
0,0,0,0,0,0,0,1,3.15,3.15,1,0
0,0,0,0,0,0,0,1,3.168,3.168,1,0
0,0,0,0,0,0,0,1,3.186,3.186,1,0
0,0,0,0,0,0,0,1,3.204,3.204,1,0
0,0,0,0,0,0,0,1,3.222,3.222,1,0
0,0,0,0,0,0,0,1,3.24,3.24,1,0
0,0,0,0,0,0,0,1,3.258,3.258,1,0
0,0,0,0,0,0,0,1,3.276,3.276,1,0
0,0,0,0,0,0,0,1,3.294,3.294,1,0
0,0,0,0,0,0,0,1,3.312,3.312,1,0
0,0,0,0,0,0,0,1,3.33,3.33,1,0
0,0,0,0,0,0,0,1,3.348,3.348,1,0
0,0,0,0,0,0,0,1,3.366,3.366,1,0
0,0,0,0,0,0,0,1,3.384,3.384,1,0
0,0,0,0,0,0,0,1,3.402,3.402,1,0
0,0,0,0,0,0,0,1,3.42,3.42,1,0
0,0,0,0,0,0,0,1,3.438,3.438,1,0
0,0,0,0,0,0,0,1,3.456,3.456,1,0
0,0,0,0,0,0,0,1,3.474,3.474,1,0
0,0,0,0,0,0,0,1,3.492,3.492,1,0
0,0,0,0,0,0,0,1,3.51,3.51,1,0
0,0,0,0,0,0,0,1,3.528,3.528,1,0
0,0,0,0,0,0,0,1,3.546,3.546,1,0
0,0,0,0,0,0,0,1,3.564,3.564,1,0
0,0,0,0,0,0,0,1,3.582,3.582,1,0
0,0,0,0,0,0,0,1,3.6,3.6,1,0
0,0,0,0,0,0,0,1,3.618,3.618,1,0
0,0,0,0,0,0,0,1,3.636,3.636,1,0
0,0,0,0,0,0,0,1,3.654,3.654,1,0
0,0,0,0,0,0,0,1,3.672,3.672,1,0
0,0,0,0,0,0,0,1,3.69,3.69,1,0
0,0,0,0,0,0,0,1,3.708,3.708,1,0
0,0,0,0,0,0,0,1,3.726,3.726,1,0
0,0,0,0,0,0,0,1,3.744,3.744,1,0
0,0,0,0,0,0,0,1,3.762,3.762,1,0
0,0,0,0,0,0,0,1,3.78,3.78,1,0
0,0,0,0,0,0,0,1,3.798,3.798,1,0
0,0,0,0,0,0,0,1,3.816,3.816,1,0
0,0,0,0,0,0,0,1,3.834,3.834,1,0
0,0,0,0,0,0,0,1,3.852,3.852,1,0
0,0,0,0,0,0,0,1,3.87,3.87,1,0
0,0,0,0,0,0,0,1,3.888,3.888,1,0
0,0,0,0,0,0,0,1,3.906,3.906,1,0
0,0,0,0,0,0,0,1,3.924,3.924,1,0
0,0,0,0,0,0,0,1,3.942,3.942,1,0
0,0,0,0,0,0,0,1,3.96,3.96,1,0
0,0,0,0,0,0,0,1,3.978,3.978,1,0
0,0,0,0,0,0,0,1,3.996,3.996,1,0
0,0,0,0,0,0,0,1,4.014,4.014,1,0
0,0,0,0,0,0,0,1,4.032,4.032,1,0
0,0,0,0,0,0,0,1,4.05,4.05,1,0
0,0,0,0,0,0,0,1,4.068,4.068,1,0
0,0,0,0,0,0,0,1,4.086,4.086,1,0
0,0,0,0,0,0,0,1,4.104,4.104,1,0
0,0,0,0,0,0,0,1,4.122,4.122,1,0
0,0,0,0,0,0,0,1,4.14,4.14,1,0
0,0,0,0,0,0,0,1,4.158,4.158,1,0
0,0,0,0,0,0,0,1,4.176,4.176,1,0
0,0,0,0,0,0,0,1,4.194,4.194,1,0
0,0,0,0,0,0,0,1,4.212,4.212,1,0
0,0,0,0,0,0,0,1,4.23,4.23,1,0
0,0,0,0,0,0,0,1,4.248,4.248,1,0
0,0,0,0,0,0,0,1,4.266,4.266,1,0
0,0,0,0,0,0,0,1,4.284,4.284,1,0
0,0,0,0,0,0,0,1,4.302,4.302,1,0
0,0,0,0,0,0,0,1,4.32,4.32,1,0
0,0,0,0,0,0,0,1,4.338,4.338,1,0
0,0,0,0,0,0,0,1,4.356,4.356,1,0
0,0,0,0,0,0,0,1,4.374,4.374,1,0
0,0,0,0,0,0,0,1,4.392,4.392,1,0
0,0,0,0,0,0,0,1,4.41,4.41,1,0
0,0,0,0,0,0,0,1,4.428,4.428,1,0
0,0,0,0,0,0,0,1,4.446,4.446,1,0
0,0,0,0,0,0,0,1,4.464,4.464,1,0
0,0,0,0,0,0,0,1,4.482,4.482,1,0
0,0,0,0,0,0,0,1,4.5,4.5,1,0
0,0,0,0,0,0,0,1,4.518,4.518,1,0
0,0,0,0,0,0,0,1,4.536,4.536,1,0
0,0,0,0,0,0,0,1,4.554,4.554,1,0
0,0,0,0,0,0,0,1,4.572,4.572,1,0
0,0,0,0,0,0,0,1,4.59,4.59,1,0
0,0,0,0,0,0,0,1,4.608,4.608,1,0
0,0,0,0,0,0,0,1,4.626,4.626,1,0
0,0,0,0,0,0,0,1,4.644,4.644,1,0
0,0,0,0,0,0,0,1,4.662,4.662,1,0
0,0,0,0,0,0,0,1,4.68,4.68,1,0
0,0,0,0,0,0,0,1,4.698,4.698,1,0
0,0,0,0,0,0,0,1,4.716,4.716,1,0
0,0,0,0,0,0,0,1,4.734,4.734,1,0
0,0,0,0,0,0,0,1,4.752,4.752,1,0
0,0,0,0,0,0,0,1,4.77,4.77,1,0
0,0,0,0,0,0,0,1,4.788,4.788,1,0
0,0,0,0,0,0,0,1,4.806,4.806,1,0
0,0,0,0,0,0,0,1,4.824,4.824,1,0
0,0,0,0,0,0,0,1,4.842,4.842,1,0
0,0,0,0,0,0,0,1,4.86,4.86,1,0
0,0,0,0,0,0,0,1,4.878,4.878,1,0
0,0,0,0,0,0,0,1,4.896,4.896,1,0
0,0,0,0,0,0,0,1,4.914,4.914,1,0
0,0,0,0,0,0,0,1,4.932,4.932,1,0
0,0,0,0,0,0,0,1,4.95,4.95,1,0
0,0,0,0,0,0,0,1,4.968,4.968,1,0
0,0,0,0,0,0,0,1,4.986,4.986,1,0
0,0,0,0,0,0,0,1,5.004,5.004,1,0
0,0,0,0,0,0,0,1,5.022,5.022,1,0
0,0,0,0,0,0,0,1,5.04,5.04,1,0
0,0,0,0,0,0,0,1,5.058,5.058,1,0
0,0,0,0,0,0,0,1,5.076,5.076,1,0
0,0,0,0,0,0,0,1,5.094,5.094,1,0
0,0,0,0,0,0,0,1,5.112,5.112,1,0
0,0,0,0,0,0,0,1,5.13,5.13,1,0
0,0,0,0,0,0,0,1,5.148,5.148,1,0
0,0,0,0,0,0,0,1,5.166,5.166,1,0
0,0,0,0,0,0,0,1,5.184,5.184,1,0
0,0,0,0,0,0,0,1,5.202,5.202,1,0
0,0,0,0,0,0,0,1,5.22,5.22,1,0
0,0,0,0,0,0,0,1,5.238,5.238,1,0
0,0,0,0,0,0,0,1,5.256,5.256,1,0
0,0,0,0,0,0,0,1,5.274,5.274,1,0
0,0,0,0,0,0,0,1,5.292,5.292,1,0
0,0,0,0,0,0,0,1,5.31,5.31,1,0
0,0,0,0,0,0,0,1,5.328,5.328,1,0
0,0,0,0,0,0,0,1,5.346,5.346,1,0
0,0,0,0,0,0,0,1,5.364,5.364,1,0
0,0,0,0,0,0,0,1,5.382,5.382,1,0
0,0,0,0,0,0,0,1,5.4,5.4,1,0
0,0,0,0,0,0,0,1,5.418,5.418,1,0
0,0,0,0,0,0,0,1,5.436,5.436,1,0
0,0,0,0,0,0,0,1,5.454,5.454,1,0
0,0,0,0,0,0,0,1,5.472,5.472,1,0
0,0,0,0,0,0,0,1,5.49,5.49,1,0
0,0,0,0,0,0,0,1,5.508,5.508,1,0
0,0,0,0,0,0,0,1,5.526,5.526,1,0
0,0,0,0,0,0,0,1,5.544,5.544,1,0
0,0,0,0,0,0,0,1,5.562,5.562,1,0
0,0,0,0,0,0,0,1,5.58,5.58,1,0
0,0,0,0,0,0,0,1,5.598,5.598,1,0
0,0,0,0,0,0,0,1,5.616,5.616,1,0
0,0,0,0,0,0,0,1,5.634,5.634,1,0
0,0,0,0,0,0,0,1,5.652,5.652,1,0
0,0,0,0,0,0,0,1,5.67,5.67,1,0
0,0,0,0,0,0,0,1,5.688,5.688,1,0
0,0,0,0,0,0,0,1,5.706,5.706,1,0
0,0,0,0,0,0,0,1,5.724,5.724,1,0
0,0,0,0,0,0,0,1,5.742,5.742,1,0
0,0,0,0,0,0,0,1,5.76,5.76,1,0
0,0,0,0,0,0,0,1,5.778,5.778,1,0
0,0,0,0,0,0,0,1,5.796,5.796,1,0
0,0,0,0,0,0,0,1,5.814,5.814,1,0
0,0,0,0,0,0,0,1,5.832,5.832,1,0
0,0,0,0,0,0,0,1,5.85,5.85,1,0
0,0,0,0,0,0,0,1,5.868,5.868,1,0
0,0,0,0,0,0,0,1,5.886,5.886,1,0
0,0,0,0,0,0,0,1,5.904,5.904,1,0
0,0,0,0,0,0,0,1,5.922,5.922,1,0
0,0,0,0,0,0,0,1,5.94,5.94,1,0
0,0,0,0,0,0,0,1,5.958,5.958,1,0
0,0,0,0,0,0,0,1,5.976,5.976,1,0
0,0,0,0,0,0,0,1,5.994,5.994,1,0
0,0,0,0,0,0,0,1,6.012,6.012,1,0
0,0,0,0,0,0,0,1,6.03,6.03,1,0
0,0,0,0,0,0,0,1,6.048,6.048,1,0
0,0,0,0,0,0,0,1,6.066,6.066,1,0
0,0,0,0,0,0,0,1,6.084,6.084,1,0
0,0,0,0,0,0,0,1,6.102,6.102,1,0
0,0,0,0,0,0,0,1,6.12,6.12,1,0
0,0,0,0,0,0,0,1,6.138,6.138,1,0
0,0,0,0,0,0,0,1,6.156,6.156,1,0
0,0,0,0,0,0,0,1,6.174,6.174,1,0
0,0,0,0,0,0,0,1,6.192,6.192,1,0
0,0,0,0,0,0,0,1,6.21,6.21,1,0
0,0,0,0,0,0,0,1,6.228,6.228,1,0
0,0,0,0,0,0,0,1,6.246,6.246,1,0
0,0,0,0,0,0,0,1,6.264,6.264,1,0
0,0,0,0,0,0,0,1,6.282,6.282,1,0
0,0,0,0,0,0,0,1,6.3,6.3,1,0
0,0,0,0,0,0,0,1,6.318,6.318,1,0
0,0,0,0,0,0,0,1,6.336,6.336,1,0
0,0,0,0,0,0,0,1,6.354,6.354,1,0
0,0,0,0,0,0,0,1,6.372,6.372,1,0
0,0,0,0,0,0,0,1,6.39,6.39,1,0
0,0,0,0,0,0,0,1,6.408,6.408,1,0
0,0,0,0,0,0,0,1,6.426,6.426,1,0
0,0,0,0,0,0,0,1,6.444,6.444,1,0
0,0,0,0,0,0,0,1,6.462,6.462,1,0
0,0,0,0,0,0,0,1,6.48,6.48,1,0
0,0,0,0,0,0,0,1,6.498,6.498,1,0
0,0,0,0,0,0,0,1,6.516,6.516,1,0
0,0,0,0,0,0,0,1,6.534,6.534,1,0
0,0,0,0,0,0,0,1,6.552,6.552,1,0
0,0,0,0,0,0,0,1,6.57,6.57,1,0
0,0,0,0,0,0,0,1,6.588,6.588,1,0
0,0,0,0,0,0,0,1,6.606,6.606,1,0
0,0,0,0,0,0,0,1,6.624,6.624,1,0
0,0,0,0,0,0,0,1,6.642,6.642,1,0
0,0,0,0,0,0,0,1,6.66,6.66,1,0
0,0,0,0,0,0,0,1,6.678,6.678,1,0
0,0,0,0,0,0,0,1,6.696,6.696,1,0
0,0,0,0,0,0,0,1,6.714,6.714,1,0
0,0,0,0,0,0,0,1,6.732,6.732,1,0
0,0,0,0,0,0,0,1,6.75,6.75,1,0
0,0,0,0,0,0,0,1,6.768,6.768,1,0
0,0,0,0,0,0,0,1,6.786,6.786,1,0
0,0,0,0,0,0,0,1,6.804,6.804,1,0
0,0,0,0,0,0,0,1,6.822,6.822,1,0
0,0,0,0,0,0,0,1,6.84,6.84,1,0
0,0,0,0,0,0,0,1,6.858,6.858,1,0
0,0,0,0,0,0,0,1,6.876,6.876,1,0
0,0,0,0,0,0,0,1,6.894,6.894,1,0
0,0,0,0,0,0,0,1,6.912,6.912,1,0
0,0,0,0,0,0,0,1,6.93,6.93,1,0
0,0,0,0,0,0,0,1,6.948,6.948,1,0
0,0,0,0,0,0,0,1,6.966,6.966,1,0
0,0,0,0,0,0,0,1,6.984,6.984,1,0
0,0,0,0,0,0,0,1,7.002,7.002,1,0
0,0,0,0,0,0,0,1,7.02,7.02,1,0
0,0,0,0,0,0,0,1,7.038,7.038,1,0
0,0,0,0,0,0,0,1,7.056,7.056,1,0
0,0,0,0,0,0,0,1,7.074,7.074,1,0
0,0,0,0,0,0,0,1,7.092,7.092,1,0
0,0,0,0,0,0,0,1,7.11,7.11,1,0
0,0,0,0,0,0,0,1,7.128,7.128,1,0
0,0,0,0,0,0,0,1,7.146,7.146,1,0
0,0,0,0,0,0,0,1,7.164,7.164,1,0
0,0,0,0,0,0,0,1,7.182,7.182,1,0
0,0,0,0,0,0,0,1,7.2,7.2,1,0
0,0,0,0,0,0,0,1,7.218,7.218,1,0
0,0,0,0,0,0,0,1,7.236,7.236,1,0
0,0,0,0,0,0,0,1,7.254,7.254,1,0
0,0,0,0,0,0,0,1,7.272,7.272,1,0
0,0,0,0,0,0,0,1,7.29,7.29,1,0
0,0,0,0,0,0,0,1,7.308,7.308,1,0
0,0,0,0,0,0,0,1,7.326,7.326,1,0
0,0,0,0,0,0,0,1,7.344,7.344,1,0
0,0,0,0,0,0,0,1,7.362,7.362,1,0
0,0,0,0,0,0,0,1,7.38,7.38,1,0
0,0,0,0,0,0,0,1,7.398,7.398,1,0
0,0,0,0,0,0,0,1,7.416,7.416,1,0
0,0,0,0,0,0,0,1,7.434,7.434,1,0
0,0,0,0,0,0,0,1,7.452,7.452,1,0
0,0,0,0,0,0,0,1,7.47,7.47,1,0
0,0,0,0,0,0,0,1,7.488,7.488,1,0
0,0,0,0,0,0,0,1,7.506,7.506,1,0
0,0,0,0,0,0,0,1,7.524,7.524,1,0
0,0,0,0,0,0,0,1,7.542,7.542,1,0
0,0,0,0,0,0,0,1,7.56,7.56,1,0
0,0,0,0,0,0,0,1,7.578,7.578,1,0
0,0,0,0,0,0,0,1,7.596,7.596,1,0
0,0,0,0,0,0,0,1,7.614,7.614,1,0
0,0,0,0,0,0,0,1,7.632,7.632,1,0
0,0,0,0,0,0,0,1,7.65,7.65,1,0
0,0,0,0,0,0,0,1,7.668,7.668,1,0
0,0,0,0,0,0,0,1,7.686,7.686,1,0
0,0,0,0,0,0,0,1,7.704,7.704,1,0
0,0,0,0,0,0,0,1,7.722,7.722,1,0
0,0,0,0,0,0,0,1,7.74,7.74,1,0
0,0,0,0,0,0,0,1,7.758,7.758,1,0
0,0,0,0,0,0,0,1,7.776,7.776,1,0
0,0,0,0,0,0,0,1,7.794,7.794,1,0
0,0,0,0,0,0,0,1,7.812,7.812,1,0
0,0,0,0,0,0,0,1,7.83,7.83,1,0
0,0,0,0,0,0,0,1,7.848,7.848,1,0
0,0,0,0,0,0,0,1,7.866,7.866,1,0
0,0,0,0,0,0,0,1,7.884,7.884,1,0
0,0,0,0,0,0,0,1,7.902,7.902,1,0
0,0,0,0,0,0,0,1,7.92,7.92,1,0
0,0,0,0,0,0,0,1,7.938,7.938,1,0
0,0,0,0,0,0,0,1,7.956,7.956,1,0
0,0,0,0,0,0,0,1,7.974,7.974,1,0
0,0,0,0,0,0,0,1,7.992,7.992,1,0
0,0,0,0,0,0,0,1,8.01,8.01,1,0
0,0,0,0,0,0,0,1,8.028,8.028,1,0
0,0,0,0,0,0,0,1,8.046,8.046,1,0
0,0,0,0,0,0,0,1,8.064,8.064,1,0
0,0,0,0,0,0,0,1,8.082,8.082,1,0
0,0,0,0,0,0,0,1,8.1,8.1,1,0
0,0,0,0,0,0,0,1,8.118,8.118,1,0
0,0,0,0,0,0,0,1,8.136,8.136,1,0
0,0,0,0,0,0,0,1,8.154,8.154,1,0
0,0,0,0,0,0,0,1,8.172,8.172,1,0
0,0,0,0,0,0,0,1,8.19,8.19,1,0
0,0,0,0,0,0,0,1,8.208,8.208,1,0
0,0,0,0,0,0,0,1,8.226,8.226,1,0
0,0,0,0,0,0,0,1,8.244,8.244,1,0
0,0,0,0,0,0,0,1,8.262,8.262,1,0
0,0,0,0,0,0,0,1,8.28,8.28,1,0
0,0,0,0,0,0,0,1,8.298,8.298,1,0
0,0,0,0,0,0,0,1,8.316,8.316,1,0
0,0,0,0,0,0,0,1,8.334,8.334,1,0
0,0,0,0,0,0,0,1,8.352,8.352,1,0
0,0,0,0,0,0,0,1,8.37,8.37,1,0
0,0,0,0,0,0,0,1,8.388,8.388,1,0
0,0,0,0,0,0,0,1,8.406,8.406,1,0
0,0,0,0,0,0,0,1,8.424,8.424,1,0
0,0,0,0,0,0,0,1,8.442,8.442,1,0
0,0,0,0,0,0,0,1,8.46,8.46,1,0
0,0,0,0,0,0,0,1,8.478,8.478,1,0
0,0,0,0,0,0,0,1,8.496,8.496,1,0
0,0,0,0,0,0,0,1,8.514,8.514,1,0
0,0,0,0,0,0,0,1,8.532,8.532,1,0
0,0,0,0,0,0,0,1,8.55,8.55,1,0
0,0,0,0,0,0,0,1,8.568,8.568,1,0
0,0,0,0,0,0,0,1,8.586,8.586,1,0
0,0,0,0,0,0,0,1,8.604,8.604,1,0
0,0,0,0,0,0,0,1,8.622,8.622,1,0
0,0,0,0,0,0,0,1,8.64,8.64,1,0
0,0,0,0,0,0,0,1,8.658,8.658,1,0
0,0,0,0,0,0,0,1,8.676,8.676,1,0
0,0,0,0,0,0,0,1,8.694,8.694,1,0
0,0,0,0,0,0,0,1,8.712,8.712,1,0
0,0,0,0,0,0,0,1,8.73,8.73,1,0
0,0,0,0,0,0,0,1,8.748,8.748,1,0
0,0,0,0,0,0,0,1,8.766,8.766,1,0
0,0,0,0,0,0,0,1,8.784,8.784,1,0
0,0,0,0,0,0,0,1,8.802,8.802,1,0
0,0,0,0,0,0,0,1,8.82,8.82,1,0
0,0,0,0,0,0,0,1,8.838,8.838,1,0
0,0,0,0,0,0,0,1,8.856,8.856,1,0
0,0,0,0,0,0,0,1,8.874,8.874,1,0
0,0,0,0,0,0,0,1,8.892,8.892,1,0
0,0,0,0,0,0,0,1,8.91,8.91,1,0
0,0,0,0,0,0,0,1,8.928,8.928,1,0
0,0,0,0,0,0,0,1,8.946,8.946,1,0
0,0,0,0,0,0,0,1,8.964,8.964,1,0
0,0,0,0,0,0,0,1,8.982,8.982,1,0
0,0,0,0,0,0,0,1,9,9,1,0
0,0,0,0,0,0,0,1,9.018,9.018,1,0
0,0,0,0,0,0,0,1,9.036,9.036,1,0
0,0,0,0,0,0,0,1,9.054,9.054,1,0
0,0,0,0,0,0,0,1,9.072,9.072,1,0
0,0,0,0,0,0,0,1,9.09,9.09,1,0
0,0,0,0,0,0,0,1,9.108,9.108,1,0
0,0,0,0,0,0,0,1,9.126,9.126,1,0
0,0,0,0,0,0,0,1,9.144,9.144,1,0
0,0,0,0,0,0,0,1,9.162,9.162,1,0
0,0,0,0,0,0,0,1,9.18,9.18,1,0
0,0,0,0,0,0,0,1,9.198,9.198,1,0
0,0,0,0,0,0,0,1,9.216,9.216,1,0
0,0,0,0,0,0,0,1,9.234,9.234,1,0
0,0,0,0,0,0,0,1,9.252,9.252,1,0
0,0,0,0,0,0,0,1,9.27,9.27,1,0
0,0,0,0,0,0,0,1,9.288,9.288,1,0
0,0,0,0,0,0,0,1,9.306,9.306,1,0
0,0,0,0,0,0,0,1,9.324,9.324,1,0
0,0,0,0,0,0,0,1,9.342,9.342,1,0
0,0,0,0,0,0,0,1,9.36,9.36,1,0
0,0,0,0,0,0,0,1,9.378,9.378,1,0
0,0,0,0,0,0,0,1,9.396,9.396,1,0
0,0,0,0,0,0,0,1,9.414,9.414,1,0
0,0,0,0,0,0,0,1,9.432,9.432,1,0
0,0,0,0,0,0,0,1,9.45,9.45,1,0
0,0,0,0,0,0,0,1,9.468,9.468,1,0
0,0,0,0,0,0,0,1,9.486,9.486,1,0
0,0,0,0,0,0,0,1,9.504,9.504,1,0
0,0,0,0,0,0,0,1,9.522,9.522,1,0
0,0,0,0,0,0,0,1,9.54,9.54,1,0
0,0,0,0,0,0,0,1,9.558,9.558,1,0
0,0,0,0,0,0,0,1,9.576,9.576,1,0
0,0,0,0,0,0,0,1,9.594,9.594,1,0
0,0,0,0,0,0,0,1,9.612,9.612,1,0
0,0,0,0,0,0,0,1,9.63,9.63,1,0
0,0,0,0,0,0,0,1,9.648,9.648,1,0
0,0,0,0,0,0,0,1,9.666,9.666,1,0
0,0,0,0,0,0,0,1,9.684,9.684,1,0
0,0,0,0,0,0,0,1,9.702,9.702,1,0
0,0,0,0,0,0,0,1,9.72,9.72,1,0
0,0,0,0,0,0,0,1,9.738,9.738,1,0
0,0,0,0,0,0,0,1,9.756,9.756,1,0
0,0,0,0,0,0,0,1,9.774,9.774,1,0
0,0,0,0,0,0,0,1,9.792,9.792,1,0
0,0,0,0,0,0,0,1,9.81,9.81,1,0
0,0,0,0,0,0,0,1,9.828,9.828,1,0
0,0,0,0,0,0,0,1,9.846,9.846,1,0
0,0,0,0,0,0,0,1,9.864,9.864,1,0
0,0,0,0,0,0,0,1,9.882,9.882,1,0
0,0,0,0,0,0,0,1,9.9,9.9,1,0
0,0,0,0,0,0,0,1,9.918,9.918,1,0
0,0,0,0,0,0,0,1,9.936,9.936,1,0
0,0,0,0,0,0,0,1,9.954,9.954,1,0
0,0,0,0,0,0,0,1,9.972,9.972,1,0
0,0,0,0,0,0,0,1,9.99,9.99,1,0
0,0,0,0,0,0,0,1,10.008,10.008,1,0
0,0,0,0,0,0,0,1,10.026,10.026,1,0
0,0,0,0,0,0,0,1,10.044,10.044,1,0
0,0,0,0,0,0,0,1,10.062,10.062,1,0
0,0,0,0,0,0,0,1,10.08,10.08,1,0
0,0,0,0,0,0,0,1,10.098,10.098,1,0
0,0,0,0,0,0,0,1,10.116,10.116,1,0
0,0,0,0,0,0,0,1,10.134,10.134,1,0
0,0,0,0,0,0,0,1,10.152,10.152,1,0
0,0,0,0,0,0,0,1,10.17,10.17,1,0
0,0,0,0,0,0,0,1,10.188,10.188,1,0
0,0,0,0,0,0,0,1,10.206,10.206,1,0
0,0,0,0,0,0,0,1,10.224,10.224,1,0
0,0,0,0,0,0,0,1,10.242,10.242,1,0
0,0,0,0,0,0,0,1,10.26,10.26,1,0
0,0,0,0,0,0,0,1,10.278,10.278,1,0
0,0,0,0,0,0,0,1,10.296,10.296,1,0
0,0,0,0,0,0,0,1,10.314,10.314,1,0
0,0,0,0,0,0,0,1,10.332,10.332,1,0
0,0,0,0,0,0,0,1,10.35,10.35,1,0
0,0,0,0,0,0,0,1,10.368,10.368,1,0
0,0,0,0,0,0,0,1,10.386,10.386,1,0
0,0,0,0,0,0,0,1,10.404,10.404,1,0
0,0,0,0,0,0,0,1,10.422,10.422,1,0
0,0,0,0,0,0,0,1,10.44,10.44,1,0
0,0,0,0,0,0,0,1,10.458,10.458,1,0
0,0,0,0,0,0,0,1,10.476,10.476,1,0
0,0,0,0,0,0,0,1,10.494,10.494,1,0
0,0,0,0,0,0,0,1,10.512,10.512,1,0
0,0,0,0,0,0,0,1,10.53,10.53,1,0
0,0,0,0,0,0,0,1,10.548,10.548,1,0
0,0,0,0,0,0,0,1,10.566,10.566,1,0
0,0,0,0,0,0,0,1,10.584,10.584,1,0
0,0,0,0,0,0,0,1,10.602,10.602,1,0
0,0,0,0,0,0,0,1,10.62,10.62,1,0
0,0,0,0,0,0,0,1,10.638,10.638,1,0
0,0,0,0,0,0,0,1,10.656,10.656,1,0
0,0,0,0,0,0,0,1,10.674,10.674,1,0
0,0,0,0,0,0,0,1,10.692,10.692,1,0
0,0,0,0,0,0,0,1,10.71,10.71,1,0
0,0,0,0,0,0,0,1,10.728,10.728,1,0
0,0,0,0,0,0,0,1,10.746,10.746,1,0
0,0,0,0,0,0,0,1,10.764,10.764,1,0
0,0,0,0,0,0,0,1,10.782,10.782,1,0
0,0,0,0,0,0,0,1,10.8,10.8,1,0
0,0,0,0,0,0,0,1,10.818,10.818,1,0
0,0,0,0,0,0,0,1,10.836,10.836,1,0
0,0,0,0,0,0,0,1,10.854,10.854,1,0
0,0,0,0,0,0,0,1,10.872,10.872,1,0
0,0,0,0,0,0,0,1,10.89,10.89,1,0
0,0,0,0,0,0,0,1,10.908,10.908,1,0
0,0,0,0,0,0,0,1,10.926,10.926,1,0
0,0,0,0,0,0,0,1,10.944,10.944,1,0
0,0,0,0,0,0,0,1,10.962,10.962,1,0
0,0,0,0,0,0,0,1,10.98,10.98,1,0
0,0,0,0,0,0,0,1,10.998,10.998,1,0
0,0,0,0,0,0,0,1,11.016,11.016,1,0
0,0,0,0,0,0,0,1,11.034,11.034,1,0
0,0,0,0,0,0,0,1,11.052,11.052,1,0
0,0,0,0,0,0,0,1,11.07,11.07,1,0
0,0,0,0,0,0,0,1,11.088,11.088,1,0
0,0,0,0,0,0,0,1,11.106,11.106,1,0
0,0,0,0,0,0,0,1,11.124,11.124,1,0
0,0,0,0,0,0,0,1,11.142,11.142,1,0
0,0,0,0,0,0,0,1,11.16,11.16,1,0
0,0,0,0,0,0,0,1,11.178,11.178,1,0
0,0,0,0,0,0,0,1,11.196,11.196,1,0
0,0,0,0,0,0,0,1,11.214,11.214,1,0
0,0,0,0,0,0,0,1,11.232,11.232,1,0
0,0,0,0,0,0,0,1,11.25,11.25,1,0
0,0,0,0,0,0,0,1,11.268,11.268,1,0
0,0,0,0,0,0,0,1,11.286,11.286,1,0
0,0,0,0,0,0,0,1,11.304,11.304,1,0
0,0,0,0,0,0,0,1,11.322,11.322,1,0
0,0,0,0,0,0,0,1,11.34,11.34,1,0
0,0,0,0,0,0,0,1,11.358,11.358,1,0
0,0,0,0,0,0,0,1,11.376,11.376,1,0
0,0,0,0,0,0,0,1,11.394,11.394,1,0
0,0,0,0,0,0,0,1,11.412,11.412,1,0
0,0,0,0,0,0,0,1,11.43,11.43,1,0
0,0,0,0,0,0,0,1,11.448,11.448,1,0
0,0,0,0,0,0,0,1,11.466,11.466,1,0
0,0,0,0,0,0,0,1,11.484,11.484,1,0
0,0,0,0,0,0,0,1,11.502,11.502,1,0
0,0,0,0,0,0,0,1,11.52,11.52,1,0
0,0,0,0,0,0,0,1,11.538,11.538,1,0
0,0,0,0,0,0,0,1,11.556,11.556,1,0
0,0,0,0,0,0,0,1,11.574,11.574,1,0
0,0,0,0,0,0,0,1,11.592,11.592,1,0
0,0,0,0,0,0,0,1,11.61,11.61,1,0
0,0,0,0,0,0,0,1,11.628,11.628,1,0
0,0,0,0,0,0,0,1,11.646,11.646,1,0
0,0,0,0,0,0,0,1,11.664,11.664,1,0
0,0,0,0,0,0,0,1,11.682,11.682,1,0
0,0,0,0,0,0,0,1,11.7,11.7,1,0
0,0,0,0,0,0,0,1,11.718,11.718,1,0
0,0,0,0,0,0,0,1,11.736,11.736,1,0
0,0,0,0,0,0,0,1,11.754,11.754,1,0
0,0,0,0,0,0,0,1,11.772,11.772,1,0
0,0,0,0,0,0,0,1,11.79,11.79,1,0
0,0,0,0,0,0,0,1,11.808,11.808,1,0
0,0,0,0,0,0,0,1,11.826,11.826,1,0
0,0,0,0,0,0,0,1,11.844,11.844,1,0
0,0,0,0,0,0,0,1,11.862,11.862,1,0
0,0,0,0,0,0,0,1,11.88,11.88,1,0
0,0,0,0,0,0,0,1,11.898,11.898,1,0
0,0,0,0,0,0,0,1,11.916,11.916,1,0
0,0,0,0,0,0,0,1,11.934,11.934,1,0
0,0,0,0,0,0,0,1,11.952,11.952,1,0
0,0,0,0,0,0,0,1,11.97,11.97,1,0
0,0,0,0,0,0,0,1,11.988,11.988,1,0
0,0,0,0,0,0,0,1,12.006,12.006,1,0
0,0,0,0,0,0,0,1,12.024,12.024,1,0
0,0,0,0,0,0,0,1,12.042,12.042,1,0
0,0,0,0,0,0,0,1,12.06,12.06,1,0
0,0,0,0,0,0,0,1,12.078,12.078,1,0
0,0,0,0,0,0,0,1,12.096,12.096,1,0
0,0,0,0,0,0,0,1,12.114,12.114,1,0
0,0,0,0,0,0,0,1,12.132,12.132,1,0
0,0,0,0,0,0,0,1,12.15,12.15,1,0
0,0,0,0,0,0,0,1,12.168,12.168,1,0
0,0,0,0,0,0,0,1,12.186,12.186,1,0
0,0,0,0,0,0,0,1,12.204,12.204,1,0
0,0,0,0,0,0,0,1,12.222,12.222,1,0
0,0,0,0,0,0,0,1,12.24,12.24,1,0
0,0,0,0,0,0,0,1,12.258,12.258,1,0
0,0,0,0,0,0,0,1,12.276,12.276,1,0
0,0,0,0,0,0,0,1,12.294,12.294,1,0
0,0,0,0,0,0,0,1,12.312,12.312,1,0
0,0,0,0,0,0,0,1,12.33,12.33,1,0
0,0,0,0,0,0,0,1,12.348,12.348,1,0
0,0,0,0,0,0,0,1,12.366,12.366,1,0
0,0,0,0,0,0,0,1,12.384,12.384,1,0
0,0,0,0,0,0,0,1,12.402,12.402,1,0
0,0,0,0,0,0,0,1,12.42,12.42,1,0
0,0,0,0,0,0,0,1,12.438,12.438,1,0
0,0,0,0,0,0,0,1,12.456,12.456,1,0
0,0,0,0,0,0,0,1,12.474,12.474,1,0
0,0,0,0,0,0,0,1,12.492,12.492,1,0
0,0,0,0,0,0,0,1,12.51,12.51,1,0
0,0,0,0,0,0,0,1,12.528,12.528,1,0
0,0,0,0,0,0,0,1,12.546,12.546,1,0
0,0,0,0,0,0,0,1,12.564,12.564,1,0
0,0,0,0,0,0,0,1,12.582,12.582,1,0
0,0,0,0,0,0,0,1,12.6,12.6,1,0
0,0,0,0,0,0,0,1,12.618,12.618,1,0
0,0,0,0,0,0,0,1,12.636,12.636,1,0
0,0,0,0,0,0,0,1,12.654,12.654,1,0
0,0,0,0,0,0,0,1,12.672,12.672,1,0
0,0,0,0,0,0,0,1,12.69,12.69,1,0
0,0,0,0,0,0,0,1,12.708,12.708,1,0
0,0,0,0,0,0,0,1,12.726,12.726,1,0
0,0,0,0,0,0,0,1,12.744,12.744,1,0
0,0,0,0,0,0,0,1,12.762,12.762,1,0
0,0,0,0,0,0,0,1,12.78,12.78,1,0
0,0,0,0,0,0,0,1,12.798,12.798,1,0
0,0,0,0,0,0,0,1,12.816,12.816,1,0
0,0,0,0,0,0,0,1,12.834,12.834,1,0
0,0,0,0,0,0,0,1,12.852,12.852,1,0
0,0,0,0,0,0,0,1,12.87,12.87,1,0
0,0,0,0,0,0,0,1,12.888,12.888,1,0
0,0,0,0,0,0,0,1,12.906,12.906,1,0
0,0,0,0,0,0,0,1,12.924,12.924,1,0
0,0,0,0,0,0,0,1,12.942,12.942,1,0
0,0,0,0,0,0,0,1,12.96,12.96,1,0
0,0,0,0,0,0,0,1,12.978,12.978,1,0
0,0,0,0,0,0,0,1,12.996,12.996,1,0
0,0,0,0,0,0,0,1,13.014,13.014,1,0
0,0,0,0,0,0,0,1,13.032,13.032,1,0
0,0,0,0,0,0,0,1,13.05,13.05,1,0
0,0,0,0,0,0,0,1,13.068,13.068,1,0
0,0,0,0,0,0,0,1,13.086,13.086,1,0
0,0,0,0,0,0,0,1,13.104,13.104,1,0
0,0,0,0,0,0,0,1,13.122,13.122,1,0
0,0,0,0,0,0,0,1,13.14,13.14,1,0
0,0,0,0,0,0,0,1,13.158,13.158,1,0
0,0,0,0,0,0,0,1,13.176,13.176,1,0
0,0,0,0,0,0,0,1,13.194,13.194,1,0
0,0,0,0,0,0,0,1,13.212,13.212,1,0
0,0,0,0,0,0,0,1,13.23,13.23,1,0
0,0,0,0,0,0,0,1,13.248,13.248,1,0
0,0,0,0,0,0,0,1,13.266,13.266,1,0
0,0,0,0,0,0,0,1,13.284,13.284,1,0
0,0,0,0,0,0,0,1,13.302,13.302,1,0
0,0,0,0,0,0,0,1,13.32,13.32,1,0
0,0,0,0,0,0,0,1,13.338,13.338,1,0
0,0,0,0,0,0,0,1,13.356,13.356,1,0
0,0,0,0,0,0,0,1,13.374,13.374,1,0
0,0,0,0,0,0,0,1,13.392,13.392,1,0
0,0,0,0,0,0,0,1,13.41,13.41,1,0
0,0,0,0,0,0,0,1,13.428,13.428,1,0
0,0,0,0,0,0,0,1,13.446,13.446,1,0
0,0,0,0,0,0,0,1,13.464,13.464,1,0
0,0,0,0,0,0,0,1,13.482,13.482,1,0
0,0,0,0,0,0,0,1,13.5,13.5,1,0
0,0,0,0,0,0,0,1,13.518,13.518,1,0
0,0,0,0,0,0,0,1,13.536,13.536,1,0
0,0,0,0,0,0,0,1,13.554,13.554,1,0
0,0,0,0,0,0,0,1,13.572,13.572,1,0
0,0,0,0,0,0,0,1,13.59,13.59,1,0
0,0,0,0,0,0,0,1,13.608,13.608,1,0
0,0,0,0,0,0,0,1,13.626,13.626,1,0
0,0,0,0,0,0,0,1,13.644,13.644,1,0
0,0,0,0,0,0,0,1,13.662,13.662,1,0
0,0,0,0,0,0,0,1,13.68,13.68,1,0
0,0,0,0,0,0,0,1,13.698,13.698,1,0
0,0,0,0,0,0,0,1,13.716,13.716,1,0
0,0,0,0,0,0,0,1,13.734,13.734,1,0
0,0,0,0,0,0,0,1,13.752,13.752,1,0
0,0,0,0,0,0,0,1,13.77,13.77,1,0
0,0,0,0,0,0,0,1,13.788,13.788,1,0
0,0,0,0,0,0,0,1,13.806,13.806,1,0
0,0,0,0,0,0,0,1,13.824,13.824,1,0
0,0,0,0,0,0,0,1,13.842,13.842,1,0
0,0,0,0,0,0,0,1,13.86,13.86,1,0
0,0,0,0,0,0,0,1,13.878,13.878,1,0
0,0,0,0,0,0,0,1,13.896,13.896,1,0
0,0,0,0,0,0,0,1,13.914,13.914,1,0
0,0,0,0,0,0,0,1,13.932,13.932,1,0
0,0,0,0,0,0,0,1,13.95,13.95,1,0
0,0,0,0,0,0,0,1,13.968,13.968,1,0
0,0,0,0,0,0,0,1,13.986,13.986,1,0
0,0,0,0,0,0,0,1,14.004,14.004,1,0
0,0,0,0,0,0,0,1,14.022,14.022,1,0
0,0,0,0,0,0,0,1,14.04,14.04,1,0
0,0,0,0,0,0,0,1,14.058,14.058,1,0
0,0,0,0,0,0,0,1,14.076,14.076,1,0
0,0,0,0,0,0,0,1,14.094,14.094,1,0
0,0,0,0,0,0,0,1,14.112,14.112,1,0
0,0,0,0,0,0,0,1,14.13,14.13,1,0
0,0,0,0,0,0,0,1,14.148,14.148,1,0
0,0,0,0,0,0,0,1,14.166,14.166,1,0
0,0,0,0,0,0,0,1,14.184,14.184,1,0
0,0,0,0,0,0,0,1,14.202,14.202,1,0
0,0,0,0,0,0,0,1,14.22,14.22,1,0
0,0,0,0,0,0,0,1,14.238,14.238,1,0
0,0,0,0,0,0,0,1,14.256,14.256,1,0
0,0,0,0,0,0,0,1,14.274,14.274,1,0
0,0,0,0,0,0,0,1,14.292,14.292,1,0
0,0,0,0,0,0,0,1,14.31,14.31,1,0
0,0,0,0,0,0,0,1,14.328,14.328,1,0
0,0,0,0,0,0,0,1,14.346,14.346,1,0
0,0,0,0,0,0,0,1,14.364,14.364,1,0
0,0,0,0,0,0,0,1,14.382,14.382,1,0
0,0,0,0,0,0,0,1,14.4,14.4,1,0
0,0,0,0,0,0,0,1,14.418,14.418,1,0
0,0,0,0,0,0,0,1,14.436,14.436,1,0
0,0,0,0,0,0,0,1,14.454,14.454,1,0
0,0,0,0,0,0,0,1,14.472,14.472,1,0
0,0,0,0,0,0,0,1,14.49,14.49,1,0
0,0,0,0,0,0,0,1,14.508,14.508,1,0
0,0,0,0,0,0,0,1,14.526,14.526,1,0
0,0,0,0,0,0,0,1,14.544,14.544,1,0
0,0,0,0,0,0,0,1,14.562,14.562,1,0
0,0,0,0,0,0,0,1,14.58,14.58,1,0
0,0,0,0,0,0,0,1,14.598,14.598,1,0
0,0,0,0,0,0,0,1,14.616,14.616,1,0
0,0,0,0,0,0,0,1,14.634,14.634,1,0
0,0,0,0,0,0,0,1,14.652,14.652,1,0
0,0,0,0,0,0,0,1,14.67,14.67,1,0
0,0,0,0,0,0,0,1,14.688,14.688,1,0
0,0,0,0,0,0,0,1,14.706,14.706,1,0
0,0,0,0,0,0,0,1,14.724,14.724,1,0
0,0,0,0,0,0,0,1,14.742,14.742,1,0
0,0,0,0,0,0,0,1,14.76,14.76,1,0
0,0,0,0,0,0,0,1,14.778,14.778,1,0
0,0,0,0,0,0,0,1,14.796,14.796,1,0
0,0,0,0,0,0,0,1,14.814,14.814,1,0
0,0,0,0,0,0,0,1,14.832,14.832,1,0
0,0,0,0,0,0,0,1,14.85,14.85,1,0
0,0,0,0,0,0,0,1,14.868,14.868,1,0
0,0,0,0,0,0,0,1,14.886,14.886,1,0
0,0,0,0,0,0,0,1,14.904,14.904,1,0
0,0,0,0,0,0,0,1,14.922,14.922,1,0
0,0,0,0,0,0,0,1,14.94,14.94,1,0
0,0,0,0,0,0,0,1,14.958,14.958,1,0
0,0,0,0,0,0,0,1,14.976,14.976,1,0
0,0,0,0,0,0,0,1,14.994,14.994,1,0
0,0,0,0,0,0,0,1,15.012,15.012,1,0
0,0,0,0,0,0,0,1,15.03,15.03,1,0
0,0,0,0,0,0,0,1,15.048,15.048,1,0
0,0,0,0,0,0,0,1,15.066,15.066,1,0
0,0,0,0,0,0,0,1,15.084,15.084,1,0
0,0,0,0,0,0,0,1,15.102,15.102,1,0
0,0,0,0,0,0,0,1,15.12,15.12,1,0
0,0,0,0,0,0,0,1,15.138,15.138,1,0
0,0,0,0,0,0,0,1,15.156,15.156,1,0
0,0,0,0,0,0,0,1,15.174,15.174,1,0
0,0,0,0,0,0,0,1,15.192,15.192,1,0
0,0,0,0,0,0,0,1,15.21,15.21,1,0
0,0,0,0,0,0,0,1,15.228,15.228,1,0
0,0,0,0,0,0,0,1,15.246,15.246,1,0
0,0,0,0,0,0,0,1,15.264,15.264,1,0
0,0,0,0,0,0,0,1,15.282,15.282,1,0
0,0,0,0,0,0,0,1,15.3,15.3,1,0
0,0,0,0,0,0,0,1,15.318,15.318,1,0
0,0,0,0,0,0,0,1,15.336,15.336,1,0
0,0,0,0,0,0,0,1,15.354,15.354,1,0
0,0,0,0,0,0,0,1,15.372,15.372,1,0
0,0,0,0,0,0,0,1,15.39,15.39,1,0
0,0,0,0,0,0,0,1,15.408,15.408,1,0
0,0,0,0,0,0,0,1,15.426,15.426,1,0
0,0,0,0,0,0,0,1,15.444,15.444,1,0
0,0,0,0,0,0,0,1,15.462,15.462,1,0
0,0,0,0,0,0,0,1,15.48,15.48,1,0
0,0,0,0,0,0,0,1,15.498,15.498,1,0
0,0,0,0,0,0,0,1,15.516,15.516,1,0
0,0,0,0,0,0,0,1,15.534,15.534,1,0
0,0,0,0,0,0,0,1,15.552,15.552,1,0
0,0,0,0,0,0,0,1,15.57,15.57,1,0
0,0,0,0,0,0,0,1,15.588,15.588,1,0
0,0,0,0,0,0,0,1,15.606,15.606,1,0
0,0,0,0,0,0,0,1,15.624,15.624,1,0
0,0,0,0,0,0,0,1,15.642,15.642,1,0
0,0,0,0,0,0,0,1,15.66,15.66,1,0
0,0,0,0,0,0,0,1,15.678,15.678,1,0
0,0,0,0,0,0,0,1,15.696,15.696,1,0
0,0,0,0,0,0,0,1,15.714,15.714,1,0
0,0,0,0,0,0,0,1,15.732,15.732,1,0
0,0,0,0,0,0,0,1,15.75,15.75,1,0
0,0,0,0,0,0,0,1,15.768,15.768,1,0
0,0,0,0,0,0,0,1,15.786,15.786,1,0
0,0,0,0,0,0,0,1,15.804,15.804,1,0
0,0,0,0,0,0,0,1,15.822,15.822,1,0
0,0,0,0,0,0,0,1,15.84,15.84,1,0
0,0,0,0,0,0,0,1,15.858,15.858,1,0
0,0,0,0,0,0,0,1,15.876,15.876,1,0
0,0,0,0,0,0,0,1,15.894,15.894,1,0
0,0,0,0,0,0,0,1,15.912,15.912,1,0
0,0,0,0,0,0,0,1,15.93,15.93,1,0
0,0,0,0,0,0,0,1,15.948,15.948,1,0
0,0,0,0,0,0,0,1,15.966,15.966,1,0
0,0,0,0,0,0,0,1,15.984,15.984,1,0
0,0,0,0,0,0,0,1,16.002,16.002,1,0
0,0,0,0,0,0,0,1,16.02,16.02,1,0
0,0,0,0,0,0,0,1,16.038,16.038,1,0
0,0,0,0,0,0,0,1,16.056,16.056,1,0
0,0,0,0,0,0,0,1,16.074,16.074,1,0
0,0,0,0,0,0,0,1,16.092,16.092,1,0
0,0,0,0,0,0,0,1,16.11,16.11,1,0
0,0,0,0,0,0,0,1,16.128,16.128,1,0
0,0,0,0,0,0,0,1,16.146,16.146,1,0
0,0,0,0,0,0,0,1,16.164,16.164,1,0
0,0,0,0,0,0,0,1,16.182,16.182,1,0
0,0,0,0,0,0,0,1,16.2,16.2,1,0
0,0,0,0,0,0,0,1,16.218,16.218,1,0
0,0,0,0,0,0,0,1,16.236,16.236,1,0
0,0,0,0,0,0,0,1,16.254,16.254,1,0
0,0,0,0,0,0,0,1,16.272,16.272,1,0
0,0,0,0,0,0,0,1,16.29,16.29,1,0
0,0,0,0,0,0,0,1,16.308,16.308,1,0
0,0,0,0,0,0,0,1,16.326,16.326,1,0
0,0,0,0,0,0,0,1,16.344,16.344,1,0
0,0,0,0,0,0,0,1,16.362,16.362,1,0
0,0,0,0,0,0,0,1,16.38,16.38,1,0
0,0,0,0,0,0,0,1,16.398,16.398,1,0
0,0,0,0,0,0,0,1,16.416,16.416,1,0
0,0,0,0,0,0,0,1,16.434,16.434,1,0
0,0,0,0,0,0,0,1,16.452,16.452,1,0
0,0,0,0,0,0,0,1,16.47,16.47,1,0
0,0,0,0,0,0,0,1,16.488,16.488,1,0
0,0,0,0,0,0,0,1,16.506,16.506,1,0
0,0,0,0,0,0,0,1,16.524,16.524,1,0
0,0,0,0,0,0,0,1,16.542,16.542,1,0
0,0,0,0,0,0,0,1,16.56,16.56,1,0
0,0,0,0,0,0,0,1,16.578,16.578,1,0
0,0,0,0,0,0,0,1,16.596,16.596,1,0
0,0,0,0,0,0,0,1,16.614,16.614,1,0
0,0,0,0,0,0,0,1,16.632,16.632,1,0
0,0,0,0,0,0,0,1,16.65,16.65,1,0
0,0,0,0,0,0,0,1,16.668,16.668,1,0
0,0,0,0,0,0,0,1,16.686,16.686,1,0
0,0,0,0,0,0,0,1,16.704,16.704,1,0
0,0,0,0,0,0,0,1,16.722,16.722,1,0
0,0,0,0,0,0,0,1,16.74,16.74,1,0
0,0,0,0,0,0,0,1,16.758,16.758,1,0
0,0,0,0,0,0,0,1,16.776,16.776,1,0
0,0,0,0,0,0,0,1,16.794,16.794,1,0
0,0,0,0,0,0,0,1,16.812,16.812,1,0
0,0,0,0,0,0,0,1,16.83,16.83,1,0
0,0,0,0,0,0,0,1,16.848,16.848,1,0
0,0,0,0,0,0,0,1,16.866,16.866,1,0
0,0,0,0,0,0,0,1,16.884,16.884,1,0
0,0,0,0,0,0,0,1,16.902,16.902,1,0
0,0,0,0,0,0,0,1,16.92,16.92,1,0
0,0,0,0,0,0,0,1,16.938,16.938,1,0
0,0,0,0,0,0,0,1,16.956,16.956,1,0
0,0,0,0,0,0,0,1,16.974,16.974,1,0
0,0,0,0,0,0,0,1,16.992,16.992,1,0
0,0,0,0,0,0,0,1,17.01,17.01,1,0
0,0,0,0,0,0,0,1,17.028,17.028,1,0
0,0,0,0,0,0,0,1,17.046,17.046,1,0
0,0,0,0,0,0,0,1,17.064,17.064,1,0
0,0,0,0,0,0,0,1,17.082,17.082,1,0
0,0,0,0,0,0,0,1,17.1,17.1,1,0
0,0,0,0,0,0,0,1,17.118,17.118,1,0
0,0,0,0,0,0,0,1,17.136,17.136,1,0
0,0,0,0,0,0,0,1,17.154,17.154,1,0
0,0,0,0,0,0,0,1,17.172,17.172,1,0
0,0,0,0,0,0,0,1,17.19,17.19,1,0
0,0,0,0,0,0,0,1,17.208,17.208,1,0
0,0,0,0,0,0,0,1,17.226,17.226,1,0
0,0,0,0,0,0,0,1,17.244,17.244,1,0
0,0,0,0,0,0,0,1,17.262,17.262,1,0
0,0,0,0,0,0,0,1,17.28,17.28,1,0
0,0,0,0,0,0,0,1,17.298,17.298,1,0
0,0,0,0,0,0,0,1,17.316,17.316,1,0
0,0,0,0,0,0,0,1,17.334,17.334,1,0
0,0,0,0,0,0,0,1,17.352,17.352,1,0
0,0,0,0,0,0,0,1,17.37,17.37,1,0
0,0,0,0,0,0,0,1,17.388,17.388,1,0
0,0,0,0,0,0,0,1,17.406,17.406,1,0
0,0,0,0,0,0,0,1,17.424,17.424,1,0
0,0,0,0,0,0,0,1,17.442,17.442,1,0
0,0,0,0,0,0,0,1,17.46,17.46,1,0
0,0,0,0,0,0,0,1,17.478,17.478,1,0
0,0,0,0,0,0,0,1,17.496,17.496,1,0
0,0,0,0,0,0,0,1,17.514,17.514,1,0
0,0,0,0,0,0,0,1,17.532,17.532,1,0
0,0,0,0,0,0,0,1,17.55,17.55,1,0
0,0,0,0,0,0,0,1,17.568,17.568,1,0
0,0,0,0,0,0,0,1,17.586,17.586,1,0
0,0,0,0,0,0,0,1,17.604,17.604,1,0
0,0,0,0,0,0,0,1,17.622,17.622,1,0
0,0,0,0,0,0,0,1,17.64,17.64,1,0
0,0,0,0,0,0,0,1,17.658,17.658,1,0
0,0,0,0,0,0,0,1,17.676,17.676,1,0
0,0,0,0,0,0,0,1,17.694,17.694,1,0
0,0,0,0,0,0,0,1,17.712,17.712,1,0
0,0,0,0,0,0,0,1,17.73,17.73,1,0
0,0,0,0,0,0,0,1,17.748,17.748,1,0
0,0,0,0,0,0,0,1,17.766,17.766,1,0
0,0,0,0,0,0,0,1,17.784,17.784,1,0
0,0,0,0,0,0,0,1,17.802,17.802,1,0
0,0,0,0,0,0,0,1,17.82,17.82,1,0
0,0,0,0,0,0,0,1,17.838,17.838,1,0
0,0,0,0,0,0,0,1,17.856,17.856,1,0
0,0,0,0,0,0,0,1,17.874,17.874,1,0
0,0,0,0,0,0,0,1,17.892,17.892,1,0
0,0,0,0,0,0,0,1,17.91,17.91,1,0
0,0,0,0,0,0,0,1,17.928,17.928,1,0
0,0,0,0,0,0,0,1,17.946,17.946,1,0
0,0,0,0,0,0,0,1,17.964,17.964,1,0
0,0,0,0,0,0,0,1,17.982,17.982,1,0
0,0,0,0,0,0,0,1,18,18,1,0
